offseason,player,player_norm,pos,to_team,years,total_m
2006,Moises Alou,moises alou,LF,Mets,1,8.5
2006,Tony Armas,tony armas,SP,Pirates,1,3.5
2006,Rich Aurilia,rich aurilia,1B,Giants,2,8.0
2006,Danys Baez,danys baez,RP,Orioles,3,19.0
2006,Paul Bako,paul bako,C,Orioles,1,0.9
2006,Rod Barajas,rod barajas,C,Phillies,1,2.5
2006,Gary Bennett,gary bennett,C,Cardinals,1,0.9
2006,Henry Blanco,henry blanco,C,Cubs,2,5.25
2006,Geoff Blum,geoff blum,3B,Padres,1,0.9
2006,Barry Bonds,barry bonds,LF,Giants,1,15.8
2006,Aaron Boone,aaron boone,3B,Marlins,1,0.93
2006,Joe Borowski,joe borowski,RP,Guardians,1,4.25
2006,Chad Bradford,chad bradford,RP,Orioles,3,10.5
2006,Doug Brocail,doug brocail,RP,Padres,1,0.5
2006,Miguel Cairo,miguel cairo,1B,Yankees,1,0.75
2006,Jamey Carroll,jamey carroll,3B,Rockies,2,4.0
2006,Sean Casey,sean casey,1B,Tigers,1,4.0
2006,Frank Catalanotto,frank catalanotto,LF,Rangers,3,13.0
2006,Jeff Cirillo,jeff cirillo,DH,Twins,1,1.5
2006,Royce Clayton,royce clayton,SS,Blue Jays,1,1.5
2006,Alex Cora,alex cora,SS,Red Sox,2,4.0
2006,Jose Cruz Jr.,jose cruz jr.,OF,Padres,1,0.65
2006,Dave Dellucci,dave dellucci,LF,Guardians,3,11.5
2006,Octavio Dotel,octavio dotel,RP,Royals,1,5.0
2006,J.D. Drew,j.d. drew,RF,Red Sox,5,70.0
2006,Ray Durham,ray durham,2B,Giants,2,14.0
2006,Damion Easley,damion easley,2B,Mets,1,0.85
2006,Adam Eaton,adam eaton,P,Phillies,3,24.5
2006,Jim Edmonds,jim edmonds,CF,Cardinals,2,19.0
2006,Darin Erstad,darin erstad,LF,White Sox,1,1.0
2006,Cliff Floyd,cliff floyd,LF,Cubs,1,3.0
2006,Ryan Franklin,ryan franklin,RP,Cardinals,1,1.0
2006,Aaron Fultz,aaron fultz,RP,Guardians,1,1.65
2006,Eric Gagne,eric gagne,RP,Rangers,1,6.0
2006,Marcus Giles,marcus giles,2B,Padres,1,3.2
2006,Tom Glavine,tom glavine,SP,Mets,1,10.5
2006,Chris Gomez,chris gomez,3B,Orioles,1,0.85
2006,Alex Gonzalez,alex gonzalez,SS,Reds,3,14.0
2006,Luis Gonzalez,luis gonzalez,LF,Dodgers,1,7.35
2006,Tony Graffanino,tony graffanino,2B,Brewers,1,3.25
2006,Toby Hall,toby hall,C,White Sox,2,3.65
2006,Wes Helms,wes helms,3B,Phillies,2,5.45
2006,Roberto Hernandez,roberto hernandez,RP,Guardians,1,3.5
2006,Yoslan Herrera,yoslan herrera,SP,Pirates,3,1.92
2006,Aubrey Huff,aubrey huff,1B,Orioles,3,20.0
2006,Kei Igawa,kei igawa,SP,Yankees,5,20.0
2006,Akinori Iwamura,akinori iwamura,2B,Rays,3,7.7
2006,Adam Kennedy,adam kennedy,3B,Cardinals,3,10.0
2006,Steve Kline,steve kline,RP,Giants,2,3.5
2006,Carlos Lee,carlos lee,1B,Astros,6,100.0
2006,Mike Lieberthal,mike lieberthal,C,Dodgers,1,1.25
2006,Kenny Lofton,kenny lofton,LF,Rangers,1,6.0
2006,Mark Loretta,mark loretta,3B,Astros,1,2.5
2006,Julio Lugo,julio lugo,SS,Red Sox,4,36.0
2006,Greg Maddux,greg maddux,SP,Padres,1,10.0
2006,Jason Marquis,jason marquis,SP,Cubs,3,21.0
2006,Tom Martin,tom martin,RP,Rockies,1,0.8
2006,Ramon Martinez,ramon martinez,SS,Dodgers,1,0.85
2006,Kazuo Matsui,kazuo matsui,2B,Rockies,1,1.5
2006,Daisuke Matsuzaka,daisuke matsuzaka,RP,Red Sox,6,52.0
2006,Gary Matthews Jr.,gary matthews jr.,CF,Angels,5,50.0
2006,Doug Mientkiewicz,doug mientkiewicz,1B,Yankees,1,1.5
2006,Aaron Miles,aaron miles,2B,Cardinals,1,1.0
2006,Kevin Millar,kevin millar,1B,Orioles,1,2.75
2006,Wade Miller,wade miller,SP,Cubs,1,1.5
2006,Doug Mirabelli,doug mirabelli,C,Red Sox,1,0.75
2006,Bengie Molina,bengie molina,C,Giants,3,16.0
2006,Mark Mulder,mark mulder,SP,Cardinals,2,13.0
2006,Mike Mussina,mike mussina,SP,Yankees,2,23.0
2006,Trot Nixon,trot nixon,RF,Guardians,1,3.0
2006,Hideki Okajima,hideki okajima,RP,Red Sox,2,2.5
2006,Russ Ortiz,russ ortiz,RP,Giants,1,0.38
2006,Andy Pettitte,andy pettitte,SP,Yankees,1,16.0
2006,Mike Piazza,mike piazza,C,Athletics,1,8.5
2006,Joel Pineiro,joel pineiro,SP,Red Sox,1,4.0
2006,Aramis Ramirez,aramis ramirez,3B,Cubs,5,75.0
2006,Chris Reitsma,chris reitsma,RP,Mariners,1,2.05
2006,David Riske,david riske,RP,Royals,1,2.25
2006,Dave Roberts,dave roberts,LF,Giants,3,18.0
2006,J.C. Romero,j.c. romero,RP,Red Sox,1,1.6
2006,Jason Schmidt,jason schmidt,SP,Dodgers,3,47.0
2006,Scott Schoeneweis,scott schoeneweis,RP,Mets,3,10.8
2006,Alfonso Soriano,alfonso soriano,RF,Cubs,8,136.0
2006,Jorge Sosa,jorge sosa,RP,Mets,1,1.25
2006,Justin Speier,justin speier,RP,Angels,4,18.0
2006,Scott Spiezio,scott spiezio,3B,Cardinals,2,4.5
2006,Russ Springer,russ springer,RP,Cardinals,1,1.75
2006,Shannon Stewart,shannon stewart,LF,Athletics,1,1.0
2006,Tanyon Sturtze,tanyon sturtze,RP,Braves,1,0.75
2006,Jeff Suppan,jeff suppan,SP,Brewers,4,42.0
2006,John Thomson,john thomson,SP,Blue Jays,1,0.5
2006,Yorvit Torrealba,yorvit torrealba,C,Rockies,1,1.1
2006,Steve Trachsel,steve trachsel,SP,Orioles,1,3.1
2006,Daryle Ward,daryle ward,1B,Cubs,1,1.05
2006,David Weathers,david weathers,RP,Reds,2,5.0
2006,David Wells,david wells,SP,Padres,1,3.0
2006,Kip Wells,kip wells,SP,Cardinals,1,4.0
2006,Jayson Werth,jayson werth,LF,Phillies,1,0.85
2006,Rondell White,rondell white,LF,Twins,1,2.75
2006,Jerome Williams,jerome williams,RP,Nationals,1,0.5
2006,Todd Williams,todd williams,RP,Orioles,1,0.78
2006,Woody Williams,woody williams,SP,Astros,2,12.5
2006,Scott Williamson,scott williamson,RP,Orioles,1,0.9
2006,Craig Wilson,craig wilson,1B,Braves,1,2.0
2006,Preston Wilson,preston wilson,RF,Cardinals,1,1.0
2006,Randy Wolf,randy wolf,SP,Dodgers,1,8.0
2006,Kerry Wood,kerry wood,RP,Cubs,1,1.75
2006,Chris Woodward,chris woodward,1B,Braves,1,0.85
2006,Barry Zito,barry zito,SP,Giants,7,126.0
2007,Jeremy Affeldt,jeremy affeldt,RP,Reds,1,3.0
2007,Marlon Anderson,marlon anderson,LF,Mets,2,2.2
2007,Rod Barajas,rod barajas,C,Blue Jays,1,1.2
2007,Michael Barrett,michael barrett,C,Padres,1,3.5
2007,Gary Bennett,gary bennett,C,Dodgers,1,0.88
2007,Geoff Blum,geoff blum,3B,Astros,1,1.1
2007,Aaron Boone,aaron boone,3B,Nationals,1,1.0
2007,Milton Bradley,milton bradley,LF,Rangers,1,5.0
2007,Emil Brown,emil brown,RF,Athletics,1,1.45
2007,Miguel Cairo,miguel cairo,1B,Mariners,1,0.85
2007,Sean Casey,sean casey,1B,Red Sox,1,0.8
2007,Jack Cassel,jack cassel,SP,Astros,1,0.4
2007,Luis Castillo,luis castillo,2B,Mets,4,25.0
2007,Ramon Castro,ramon castro,C,Mets,2,4.6
2007,Shawn Chacon,shawn chacon,SP,Astros,1,2.0
2007,Tony Clark,tony clark,1B,Padres,1,0.9
2007,Matt Clement,matt clement,SP,Cardinals,1,1.5
2007,Francisco Cordero,francisco cordero,RP,Reds,4,46.0
2007,Octavio Dotel,octavio dotel,RP,White Sox,2,11.0
2007,Chad Durbin,chad durbin,RP,Phillies,1,0.9
2007,David Eckstein,david eckstein,2B,Blue Jays,1,4.5
2007,Darin Erstad,darin erstad,LF,Astros,1,1.0
2007,Johnny Estrada,johnny estrada,C,Nationals,1,1.25
2007,Adam Everett,adam everett,3B,Twins,1,2.8
2007,Cliff Floyd,cliff floyd,LF,Rays,1,3.0
2007,Josh Fogg,josh fogg,RP,Reds,1,1.0
2007,Keith Foulke,keith foulke,RP,Athletics,1,7.0
2007,Tom Glavine,tom glavine,SP,Braves,1,8.0
2007,Chris Gomez,chris gomez,3B,Pirates,1,1.0
2007,Eddie Guardado,eddie guardado,P,Rangers,1,2.0
2007,Jose Guillen,jose guillen,RF,Royals,3,36.0
2007,Willie Harris,willie harris,OF,Nationals,1,0.8
2007,LaTroy Hawkins,latroy hawkins,RP,Yankees,1,3.75
2007,Mark Hendrickson,mark hendrickson,SP,Marlins,1,1.5
2007,Matt Herges,matt herges,RP,Rockies,1,2.5
2007,Torii Hunter,torii hunter,RF,Angels,5,90.0
2007,Tadahito Iguchi,tadahito iguchi,2B,Padres,1,4.0
2007,Cesar Izturis,cesar izturis,SS,Cardinals,1,2.85
2007,Geoff Jenkins,geoff jenkins,RF,Phillies,2,13.0
2007,Jason Jennings,jason jennings,RP,Rangers,1,4.0
2007,Andruw Jones,andruw jones,LF,Dodgers,2,36.2
2007,Jason Kendall,jason kendall,C,Brewers,1,4.25
2007,Byung-Hyun Kim,byung-hyun kim,RP,Pirates,1,0.85
2007,Masa Kobayashi,masa kobayashi,RP,Guardians,2,6.5
2007,Mike Lamb,mike lamb,3B,Twins,2,6.6
2007,Jason LaRue,jason larue,C,Cardinals,1,0.85
2007,Jon Lieber,jon lieber,RP,Cubs,1,3.5
2007,Scott Linebrink,scott linebrink,RP,White Sox,4,19.0
2007,Kyle Lohse,kyle lohse,SP,Cardinals,1,4.25
2007,Mark Loretta,mark loretta,3B,Astros,1,2.75
2007,Mike Lowell,mike lowell,1B,Red Sox,3,37.5
2007,Rob Mackowiak,rob mackowiak,LF,Nationals,1,1.5
2007,Kazuo Matsui,kazuo matsui,2B,Astros,3,16.5
2007,Dallas McPherson,dallas mcpherson,3B,Marlins,1,0.42
2007,Aaron Miles,aaron miles,2B,Cardinals,1,1.4
2007,Trever Miller,trever miller,RP,Rays,1,2.0
2007,Doug Mirabelli,doug mirabelli,C,Red Sox,1,0.55
2007,Jos Molina,jos molina,RP,Yankees,2,4.0
2007,Chad Paronto,chad paronto,RP,Astros,1,0.5
2007,Andy Pettitte,andy pettitte,SP,Yankees,1,16.0
2007,Jorge Posada,jorge posada,DH,Yankees,4,52.4
2007,Mark Prior,mark prior,SP,Padres,1,1.0
2007,Mark Redman,mark redman,SP,Rockies,1,1.0
2007,Mariano Rivera,mariano rivera,RP,Yankees,3,45.0
2007,Alex Rodriguez,alex rodriguez,DH,Yankees,10,275.0
2007,Kenny Rogers,kenny rogers,SP,Tigers,1,8.0
2007,Aaron Rowand,aaron rowand,CF,Giants,5,60.0
2007,Carlos Silva,carlos silva,SP,Mariners,4,48.0
2007,Mark Sweeney,mark sweeney,1B,Dodgers,1,0.6
2007,So Taguchi,so taguchi,OF,Phillies,1,1.05
2007,Mike Timlin,mike timlin,RP,Red Sox,1,3.0
2007,Brett Tomko,brett tomko,SP,Royals,1,3.0
2007,Yorvit Torrealba,yorvit torrealba,C,Rockies,2,7.25
2007,Josh Towers,josh towers,RP,Rockies,1,0.4
2007,Luis Vizcaino,luis vizcaino,RP,Rockies,2,7.5
2007,Kip Wells,kip wells,SP,Rockies,1,3.1
2007,Brad Wilkerson,brad wilkerson,RF,Mariners,1,3.0
2007,Matt Wise,matt wise,RP,Mets,1,1.2
2007,Randy Wolf,randy wolf,SP,Padres,1,4.75
2007,Kerry Wood,kerry wood,RP,Cubs,1,4.2
2008,Bobby Abreu,bobby abreu,RF,Angels,1,5.0
2008,Garret Anderson,garret anderson,LF,Braves,1,2.5
2008,Brad Ausmus,brad ausmus,C,Dodgers,1,1.0
2008,Luis Ayala,luis ayala,RP,Twins,1,1.3
2008,Paul Bako,paul bako,C,Cubs,1,0.72
2008,Rocco Baldelli,rocco baldelli,DH,Red Sox,1,0.5
2008,John Bale,john bale,RP,Royals,1,1.2
2008,Joe Beimel,joe beimel,RP,Nationals,1,2.0
2008,Casey Blake,casey blake,3B,Dodgers,3,17.5
2008,Henry Blanco,henry blanco,C,Padres,1,0.75
2008,Willie Bloomquist,willie bloomquist,SS,Royals,2,3.1
2008,Aaron Boone,aaron boone,3B,Astros,1,0.75
2008,Russell Branyan,russell branyan,1B,Mariners,1,1.4
2008,Doug Brocail,doug brocail,RP,Astros,1,2.75
2008,A.J. Burnett,a.j. burnett,SP,Yankees,5,82.5
2008,Pat Burrell,pat burrell,LF,Rays,2,16.0
2008,Daniel Cabrera,daniel cabrera,SP,Nationals,1,2.6
2008,Orlando Cabrera,orlando cabrera,SS,Athletics,1,4.0
2008,Tony Clark,tony clark,1B,Diamondbacks,1,0.8
2008,Bartolo Colon,bartolo colon,SP,White Sox,1,1.0
2008,Alex Cora,alex cora,SS,Mets,1,2.0
2008,Lance Cormier,lance cormier,RP,Rays,1,0.68
2008,Craig Counsell,craig counsell,SS,Brewers,1,1.0
2008,Joe Crede,joe crede,3B,Twins,1,2.5
2008,Juan Cruz,juan cruz,RP,Royals,2,6.0
2008,Ryan Dempster,ryan dempster,SP,Cubs,4,52.0
2008,Adam Dunn,adam dunn,DH,Nationals,2,20.0
2008,David Eckstein,david eckstein,2B,Padres,1,0.85
2008,Alan Embree,alan embree,RP,Rockies,1,2.25
2008,Adam Everett,adam everett,3B,Tigers,1,1.0
2008,Kyle Farnsworth,kyle farnsworth,RP,Royals,2,9.25
2008,Cliff Floyd,cliff floyd,LF,Padres,1,0.75
2008,Brian Fuentes,brian fuentes,RP,Angels,2,17.5
2008,Rafael Furcal,rafael furcal,2B,Dodgers,3,30.0
2008,Nomar Garciaparra,nomar garciaparra,1B,Athletics,1,1.0
2008,Joey Gathright,joey gathright,CF,Cubs,1,0.8
2008,Jason Giambi,jason giambi,DH,Athletics,1,5.25
2008,Tom Glavine,tom glavine,SP,Braves,1,1.0
2008,Tom Gordon,tom gordon,RP,Diamondbacks,1,0.5
2008,Ken Griffey Jr.,ken griffey jr.,DH,Mariners,1,2.0
2008,Jerry Hairston Jr.,jerry hairston jr.,3B,Reds,1,2.0
2008,Mike Hampton,mike hampton,SP,Astros,1,2.0
2008,Mark Hendrickson,mark hendrickson,SP,Orioles,1,1.5
2008,Eric Hinske,eric hinske,OF,Pirates,1,1.5
2008,Trevor Hoffman,trevor hoffman,RP,Brewers,1,6.0
2008,Norris Hopper,norris hopper,LF,Reds,1,0.4
2008,Bob Howry,bob howry,RP,Giants,1,2.75
2008,Orlando Hudson,orlando hudson,3B,Dodgers,1,3.8
2008,Raul Ibanez,raul ibanez,RF,Phillies,3,31.5
2008,Cesar Izturis,cesar izturis,SS,Orioles,2,5.0
2008,Randy Johnson,randy johnson,SP,Giants,1,8.0
2008,Jorge Julio,jorge julio,RP,Brewers,1,0.95
2008,Gabe Kapler,gabe kapler,LF,Rays,1,1.0
2008,Kenshin Kawakami,kenshin kawakami,SP,Braves,3,23.0
2008,Mark Kotsay,mark kotsay,LF,Red Sox,1,1.5
2008,Mike Lamb,mike lamb,3B,Brewers,1,0.4
2008,Jason LaRue,jason larue,C,Cardinals,1,0.95
2008,Mike Lincoln,mike lincoln,RP,Reds,2,4.0
2008,Braden Looper,braden looper,RP,Brewers,1,5.5
2008,Felipe Lopez,felipe lopez,2B,Diamondbacks,1,3.5
2008,Mark Loretta,mark loretta,3B,Dodgers,1,1.25
2008,Derek Lowe,derek lowe,RP,Braves,4,60.0
2008,Damaso Marte,damaso marte,RP,Yankees,3,12.0
2008,Jason Michaels,jason michaels,LF,Astros,1,0.75
2008,Aaron Miles,aaron miles,2B,Cubs,2,4.9
2008,Trever Miller,trever miller,RP,Cardinals,1,0.5
2008,Guillermo Mota,guillermo mota,RP,Dodgers,1,2.35
2008,Jamie Moyer,jamie moyer,SP,Phillies,2,13.0
2008,Joe Nelson,joe nelson,RP,Rays,1,1.3
2008,Greg Norton,greg norton,LF,Braves,1,0.8
2008,Darren Oliver,darren oliver,RP,Angels,1,3.65
2008,Chan Ho Park,chan ho park,RP,Phillies,1,2.5
2008,Carl Pavano,carl pavano,SP,Guardians,1,1.5
2008,Brad Penny,brad penny,SP,Red Sox,1,5.0
2008,Oliver Perez,oliver perez,RP,Mets,3,36.0
2008,Andy Pettitte,andy pettitte,SP,Yankees,1,5.5
2008,Scott Proctor,scott proctor,RP,Marlins,1,0.75
2008,Nick Punto,nick punto,2B,Twins,2,8.5
2008,Horacio Ramirez,horacio ramirez,RP,Royals,1,1.8
2008,Manny Ramirez,manny ramirez,LF,Dodgers,2,45.0
2008,Tim Redding,tim redding,RP,Mets,1,2.25
2008,Edgar Renteria,edgar renteria,SS,Giants,2,18.5
2008,Arthur Rhodes,arthur rhodes,RP,Reds,2,4.0
2008,Juan Rivera,juan rivera,LF,Angels,3,12.75
2008,Francisco Rodriguez,francisco rodriguez,RP,Mets,3,37.0
2008,Ivn Rodrguez,ivn rodrguez,C,Astros,1,1.5
2008,David Ross,david ross,C,Braves,2,3.0
2008,CC Sabathia,cc sabathia,SP,Yankees,7,161.0
2008,Takashi Saito,takashi saito,RP,Red Sox,1,1.5
2008,John Smoltz,john smoltz,SP,Red Sox,1,5.5
2008,Russ Springer,russ springer,RP,Athletics,1,3.3
2008,Willy Taveras,willy taveras,CF,Reds,2,6.25
2008,Mark Teixeira,mark teixeira,1B,Yankees,8,180.0
2008,Koji Uehara,koji uehara,RP,Orioles,2,10.0
2008,Jason Varitek,jason varitek,C,Red Sox,1,5.0
2008,Ramon Vazquez,ramon vazquez,SS,Pirates,2,4.0
2008,David Weathers,david weathers,RP,Reds,1,3.9
2008,Ty Wigginton,ty wigginton,3B,Orioles,2,6.0
2008,Randy Wolf,randy wolf,SP,Dodgers,1,5.0
2008,Kerry Wood,kerry wood,RP,Guardians,2,20.5
2008,Gregg Zaun,gregg zaun,C,Orioles,1,1.5
2009,Brian Anderson,brian anderson,RP,Royals,1,0.7
2009,Rick Ankiel,rick ankiel,CF,Royals,1,3.25
2009,Noel Arguelles,noel arguelles,SP,Royals,5,7.0
2009,Garrett Atkins,garrett atkins,1B,Orioles,1,4.5
2009,Brad Ausmus,brad ausmus,C,Dodgers,1,1.0
2009,Danys Baez,danys baez,RP,Phillies,2,5.25
2009,Jason Bay,jason bay,LF,Mets,4,66.0
2009,Erik Bedard,erik bedard,SP,Mariners,1,1.5
2009,Ronnie Belliard,ronnie belliard,2B,Dodgers,1,0.82
2009,Rafael Betancourt,rafael betancourt,RP,Rockies,2,7.55
2009,Henry Blanco,henry blanco,C,Mets,1,0.78
2009,Russell Branyan,russell branyan,1B,Guardians,1,2.0
2009,John Buck,john buck,C,Blue Jays,1,2.0
2009,Orlando Cabrera,orlando cabrera,SS,Reds,1,3.02
2009,Mike Cameron,mike cameron,CF,Red Sox,2,15.5
2009,Matt Capps,matt capps,RP,Nationals,1,3.5
2009,Jamey Carroll,jamey carroll,3B,Dodgers,2,3.85
2009,Juan Castro,juan castro,2B,Phillies,1,0.7
2009,Ramon Castro,ramon castro,C,White Sox,1,1.0
2009,Aroldis Chapman,aroldis chapman,RP,Reds,6,30.25
2009,Ryan Church,ryan church,RF,Pirates,1,1.5
2009,Clay Condrey,clay condrey,RP,Twins,1,0.9
2009,Jose Contreras,jose contreras,RP,Phillies,1,1.5
2009,Alex Cora,alex cora,SS,Mets,1,2.0
2009,Craig Counsell,craig counsell,SS,Brewers,1,2.1
2009,Coco Crisp,coco crisp,LF,Athletics,1,5.25
2009,Bobby Crosby,bobby crosby,SS,Pirates,1,1.0
2009,Jack Cust,jack cust,LF,Athletics,1,2.65
2009,Johnny Damon,johnny damon,LF,Tigers,1,8.0
2009,Doug Davis,doug davis,SP,Brewers,1,5.25
2009,Brendan Donnelly,brendan donnelly,RP,Pirates,1,1.5
2009,Octavio Dotel,octavio dotel,RP,Pirates,1,3.5
2009,Justin Duchscherer,justin duchscherer,SP,Athletics,1,2.0
2009,Kelvim Escobar,kelvim escobar,RP,Mets,1,1.25
2009,Adam Everett,adam everett,3B,Tigers,1,1.55
2009,Pedro Feliz,pedro feliz,3B,Astros,1,4.5
2009,Chone Figgins,chone figgins,3B,Mariners,4,36.0
2009,Ryan Garko,ryan garko,1B,Mariners,1,0.55
2009,Jon Garland,jon garland,SP,Padres,1,5.3
2009,Jason Giambi,jason giambi,DH,Rockies,1,1.75
2009,Troy Glaus,troy glaus,1B,Braves,1,1.75
2009,Ross Gload,ross gload,1B,Phillies,2,2.6
2009,Jonny Gomes,jonny gomes,LF,Reds,1,0.8
2009,Alex Gonzalez,alex gonzalez,SS,Blue Jays,1,2.75
2009,Mike Gonzalez,mike gonzalez,RP,Orioles,2,12.0
2009,John Grabow,john grabow,RP,Cubs,2,7.5
2009,Kevin Gregg,kevin gregg,RP,Blue Jays,1,2.75
2009,Gabe Gross,gabe gross,RF,Athletics,1,0.75
2009,Vladimir Guerrero,vladimir guerrero,RF,Rangers,1,5.0
2009,Jerry Hairston Jr.,jerry hairston jr.,3B,Padres,1,2.12
2009,Rich Harden,rich harden,SP,Rangers,1,7.5
2009,LaTroy Hawkins,latroy hawkins,RP,Brewers,2,7.5
2009,Mark Hendrickson,mark hendrickson,SP,Orioles,1,1.4
2009,Eric Hinske,eric hinske,OF,Braves,1,1.0
2009,Matt Holliday,matt holliday,OF,Cardinals,7,120.0
2009,Bob Howry,bob howry,RP,Diamondbacks,1,2.25
2009,Orlando Hudson,orlando hudson,3B,Twins,1,5.0
2009,Aubrey Huff,aubrey huff,1B,Giants,1,3.0
2009,Ryota Igarashi,ryota igarashi,RP,Mets,2,3.0
2009,Dan Johnson,dan johnson,1B,Rays,1,0.5
2009,Kelly Johnson,kelly johnson,2B,Diamondbacks,1,2.35
2009,Nick Johnson,nick johnson,DH,Yankees,1,5.75
2009,Reed Johnson,reed johnson,LF,Dodgers,1,0.8
2009,Andruw Jones,andruw jones,LF,White Sox,1,0.5
2009,Jason Kendall,jason kendall,C,Royals,2,6.0
2009,Adam Kennedy,adam kennedy,3B,Nationals,1,1.25
2009,John Lackey,john lackey,SP,Red Sox,5,82.5
2009,Ryan Langerhans,ryan langerhans,1B,Mariners,1,0.53
2009,Adam LaRoche,adam laroche,DH,Diamondbacks,1,6.0
2009,Jason LaRue,jason larue,C,Cardinals,1,0.95
2009,Colby Lewis,colby lewis,SP,Rangers,2,5.0
2009,Felipe Lopez,felipe lopez,2B,Cardinals,1,1.0
2009,Javier Lopez,javier lopez,RP,Pirates,1,0.78
2009,Hideki Matsui,hideki matsui,LF,Angels,1,6.5
2009,John McDonald,john mcdonald,3B,Blue Jays,2,3.0
2009,Jason Michaels,jason michaels,LF,Astros,1,0.85
2009,Bengie Molina,bengie molina,C,Giants,1,4.5
2009,Jos Molina,jos molina,RP,Blue Jays,1,0.4
2009,Melvin Mora,melvin mora,3B,Rockies,1,1.3
2009,Brett Myers,brett myers,SP,Astros,1,5.1
2009,Xavier Nady,xavier nady,RF,Cubs,1,3.3
2009,Darren Oliver,darren oliver,RP,Rangers,1,3.5
2009,Miguel Olivo,miguel olivo,C,Rockies,1,2.5
2009,Scott Olsen,scott olsen,SP,Nationals,1,1.0
2009,Vicente Padilla,vicente padilla,RP,Dodgers,1,5.03
2009,Chan Ho Park,chan ho park,RP,Yankees,1,1.2
2009,Carl Pavano,carl pavano,SP,Twins,1,7.0
2009,Brad Penny,brad penny,SP,Cardinals,1,7.5
2009,Andy Pettitte,andy pettitte,SP,Yankees,1,11.75
2009,Scott Podsednik,scott podsednik,LF,Royals,1,1.75
2009,Placido Polanco,placido polanco,3B,Phillies,3,18.0
2009,J.J. Putz,j.j. putz,RP,White Sox,1,3.0
2009,Mike Redmond,mike redmond,C,Guardians,1,0.85
2009,Takashi Saito,takashi saito,RP,Braves,1,3.2
2009,Brian Schneider,brian schneider,C,Phillies,2,2.75
2009,Marco Scutaro,marco scutaro,2B,Red Sox,2,12.5
2009,Ben Sheets,ben sheets,SP,Athletics,1,10.0
2009,Rafael Soriano,rafael soriano,RP,Rays,1,7.25
2009,Fernando Tatis,fernando tatis,1B,Mets,1,0.85
2009,Miguel Tejada,miguel tejada,2B,Orioles,1,6.0
2009,Jim Thome,jim thome,DH,Twins,1,1.5
2009,Juan Uribe,juan uribe,3B,Giants,1,3.25
2009,Jose Valverde,jose valverde,RP,Tigers,2,14.0
2009,Claudio Vargas,claudio vargas,RP,Brewers,1,0.9
2009,Omar Vizquel,omar vizquel,2B,White Sox,1,1.38
2009,Billy Wagner,billy wagner,RP,Braves,1,7.0
2009,Tyler Walker,tyler walker,RP,Nationals,1,0.65
2009,Chien-Ming Wang,chien-ming wang,RP,Nationals,1,2.0
2009,Randy Winn,randy winn,LF,Yankees,1,1.1
2009,Randy Wolf,randy wolf,SP,Brewers,3,29.75
2010,Jeremy Accardo,jeremy accardo,RP,Orioles,1,1.08
2010,Alfredo Aceves,alfredo aceves,RP,Red Sox,1,0.65
2010,Matt Albers,matt albers,RP,Red Sox,1,0.88
2010,Rick Ankiel,rick ankiel,CF,Nationals,1,1.5
2010,Grant Balfour,grant balfour,RP,Athletics,2,8.1
2010,Adrian Beltre,adrian beltre,3B,Rangers,6,96.0
2010,Henry Blanco,henry blanco,C,Diamondbacks,1,1.25
2010,Willie Bloomquist,willie bloomquist,SS,Diamondbacks,1,0.9
2010,Geoff Blum,geoff blum,3B,Diamondbacks,2,2.7
2010,Taylor Buchholz,taylor buchholz,RP,Mets,1,0.6
2010,Pat Burrell,pat burrell,LF,Giants,1,1.0
2010,Melky Cabrera,melky cabrera,RF,Royals,1,1.25
2010,Miguel Cairo,miguel cairo,1B,Reds,2,2.0
2010,Jorge Cant,jorge cant,3B,Padres,1,0.85
2010,Chris Capuano,chris capuano,RP,Mets,1,1.5
2010,D.J. Carrasco,d.j. carrasco,RP,Mets,2,2.5
2010,Bruce Chen,bruce chen,SP,Royals,1,2.0
2010,Todd Coffey,todd coffey,RP,Nationals,1,1.35
2010,Jose Contreras,jose contreras,RP,Phillies,2,5.5
2010,Craig Counsell,craig counsell,SS,Brewers,1,1.4
2010,Carl Crawford,carl crawford,LF,Red Sox,7,142.0
2010,Jack Cust,jack cust,LF,Mariners,1,2.5
2010,Jorge De La Rosa,jorge de la rosa,RP,Rockies,2,21.5
2010,Matt Diaz,matt diaz,LF,Pirates,2,4.25
2010,Scott Downs,scott downs,RP,Angels,3,15.0
2010,Justin Duchscherer,justin duchscherer,SP,Orioles,1,0.7
2010,Adam Dunn,adam dunn,DH,White Sox,4,56.0
2010,Edwin Encarnacion,edwin encarnacion,DH,Blue Jays,1,2.5
2010,Kyle Farnsworth,kyle farnsworth,RP,Rays,1,3.25
2010,Jeff Francis,jeff francis,RP,Royals,1,2.0
2010,Frank Francisco,frank francisco,RP,Blue Jays,1,4.0
2010,Jason Frasor,jason frasor,RP,Blue Jays,1,3.5
2010,Sean Green,sean green,RP,Brewers,1,0.88
2010,Vladimir Guerrero,vladimir guerrero,RF,Orioles,1,8.0
2010,Matt Guerrier,matt guerrier,RP,Dodgers,3,12.0
2010,Tony Gwynn,tony gwynn,CF,Dodgers,1,0.68
2010,Jerry Hairston Jr.,jerry hairston jr.,3B,Nationals,1,2.0
2010,Bill Hall,bill hall,3B,Astros,1,3.25
2010,Aaron Harang,aaron harang,SP,Padres,1,4.0
2010,Ramon Hernandez,ramon hernandez,C,Reds,1,3.0
2010,Eric Hinske,eric hinske,OF,Braves,1,1.45
2010,J.P. Howell,j.p. howell,RP,Rays,1,1.1
2010,Cesar Izturis,cesar izturis,SS,Orioles,1,1.5
2010,Bobby Jenks,bobby jenks,RP,Red Sox,2,12.0
2010,Derek Jeter,derek jeter,SS,Yankees,3,51.0
2010,Andruw Jones,andruw jones,LF,Yankees,1,2.0
2010,Austin Kearns,austin kearns,RF,Guardians,1,1.3
2010,Paul Konerko,paul konerko,DH,White Sox,3,37.5
2010,Mark Kotsay,mark kotsay,LF,Brewers,1,0.8
2010,Cliff Lee,cliff lee,SP,Phillies,5,120.0
2010,Derrek Lee,derrek lee,1B,Orioles,1,7.5
2010,Fred Lewis,fred lewis,OF,Reds,1,0.9
2010,Russell Martin,russell martin,C,Yankees,1,4.0
2010,Victor Martinez,victor martinez,DH,Tigers,4,50.0
2010,Melvin Mora,melvin mora,3B,Diamondbacks,1,2.0
2010,Dustin Moseley,dustin moseley,SP,Padres,1,0.9
2010,Xavier Nady,xavier nady,RF,Diamondbacks,1,1.75
2010,Dioner Navarro,dioner navarro,C,Dodgers,1,1.0
2010,Wil Nieves,wil nieves,C,Brewers,1,0.78
2010,Tsuyoshi Nishioka,tsuyoshi nishioka,2B,Twins,3,9.0
2010,Will Ohman,will ohman,RP,White Sox,2,4.0
2010,Hideki Okajima,hideki okajima,RP,Red Sox,1,1.75
2010,Magglio Ordonez,magglio ordonez,RF,Tigers,1,10.0
2010,Lyle Overbay,lyle overbay,1B,Pirates,1,5.0
2010,Ronny Paulino,ronny paulino,C,Mets,1,1.3
2010,Carl Pavano,carl pavano,SP,Twins,2,16.5
2010,Brad Penny,brad penny,SP,Tigers,1,3.0
2010,Joel Peralta,joel peralta,RP,Rays,1,0.95
2010,A.J. Pierzynski,a.j. pierzynski,C,White Sox,2,8.0
2010,Nick Punto,nick punto,2B,Cardinals,1,0.75
2010,Manny Ramirez,manny ramirez,LF,Rays,1,2.0
2010,Edgar Renteria,edgar renteria,SS,Reds,1,2.1
2010,Arthur Rhodes,arthur rhodes,RP,Rangers,1,3.9
2010,Mariano Rivera,mariano rivera,RP,Yankees,2,30.0
2010,J.C. Romero,j.c. romero,RP,Phillies,1,1.35
2010,Ryan Rowland-Smith,ryan rowland-smith,RP,Astros,1,0.72
2010,Takashi Saito,takashi saito,RP,Brewers,1,1.75
2010,George Sherrill,george sherrill,RP,Braves,1,1.2
2010,Rafael Soriano,rafael soriano,RP,Yankees,3,35.0
2010,Miguel Tejada,miguel tejada,2B,Giants,1,6.5
2010,Marcus Thames,marcus thames,DH,Dodgers,1,1.0
2010,Jim Thome,jim thome,DH,Twins,1,3.0
2010,Matt Treanor,matt treanor,C,Rangers,1,0.85
2010,Brandon Webb,brandon webb,SP,Rangers,1,3.0
2010,Jayson Werth,jayson werth,LF,Nationals,7,126.0
2010,Jake Westbrook,jake westbrook,SP,Cardinals,2,16.5
2010,Dan Wheeler,dan wheeler,RP,Red Sox,1,3.0
2010,Ty Wigginton,ty wigginton,3B,Rockies,2,8.0
2010,Chris Young,chris young,SP,Mets,1,1.1
2011,Norichika Aoki,norichika aoki,RF,Brewers,2,2.25
2011,Erik Bedard,erik bedard,SP,Pirates,1,4.5
2011,Heath Bell,heath bell,RP,Marlins,3,27.0
2011,Carlos Beltran,carlos beltran,OF,Cardinals,2,26.0
2011,Wilson Betemit,wilson betemit,SS,Orioles,2,3.25
2011,Casey Blake,casey blake,3B,Rockies,1,2.0
2011,Henry Blanco,henry blanco,C,Diamondbacks,1,1.25
2011,Willie Bloomquist,willie bloomquist,SS,Diamondbacks,2,3.8
2011,Jonathan Broxton,jonathan broxton,RP,Royals,1,4.0
2011,Mark Buehrle,mark buehrle,SP,Marlins,4,58.0
2011,Shawn Camp,shawn camp,RP,Mariners,1,0.75
2011,Matt Capps,matt capps,RP,Twins,1,4.75
2011,Chris Capuano,chris capuano,RP,Dodgers,2,10.0
2011,Jamey Carroll,jamey carroll,3B,Twins,2,6.75
2011,Endy Chavez,endy chavez,RF,Orioles,1,1.5
2011,Wei-Yin Chen,wei-yin chen,RP,Orioles,3,11.34
2011,Todd Coffey,todd coffey,RP,Dodgers,1,1.3
2011,Bartolo Colon,bartolo colon,SP,Athletics,1,0.9
2011,Coco Crisp,coco crisp,LF,Athletics,2,14.0
2011,Michael Cuddyer,michael cuddyer,LF,Rockies,3,31.5
2011,Yu Darvish,yu darvish,SP,Rangers,6,60.0
2011,Mark DeRosa,mark derosa,2B,Nationals,1,0.8
2011,Greg Dobbs,greg dobbs,1B,Marlins,2,3.0
2011,Prince Fielder,prince fielder,DH,Tigers,9,214.0
2011,Kosuke Fukudome,kosuke fukudome,LF,White Sox,1,1.0
2011,Rafael Furcal,rafael furcal,2B,Cardinals,2,14.0
2011,Freddy Garcia,freddy garcia,SP,Yankees,1,4.0
2011,Jonny Gomes,jonny gomes,LF,Athletics,1,1.0
2011,Scott Hairston,scott hairston,LF,Mets,1,1.1
2011,Jerry Hairston Jr.,jerry hairston jr.,3B,Dodgers,2,6.0
2011,Aaron Harang,aaron harang,SP,Dodgers,2,12.0
2011,LaTroy Hawkins,latroy hawkins,RP,Angels,1,3.0
2011,Clay Hensley,clay hensley,SP,Giants,1,0.75
2011,Hisashi Iwakuma,hisashi iwakuma,SP,Mariners,1,1.5
2011,Reed Johnson,reed johnson,LF,Cubs,1,1.15
2011,Andruw Jones,andruw jones,LF,Yankees,1,2.0
2011,Adam Kennedy,adam kennedy,3B,Dodgers,1,0.8
2011,Jeff Keppinger,jeff keppinger,2B,Rays,1,1.52
2011,Casey Kotchman,casey kotchman,1B,Guardians,1,3.0
2011,Mark Kotsay,mark kotsay,LF,Padres,1,1.25
2011,Hong-Chih Kuo,hong-chih kuo,RP,Mariners,1,0.5
2011,Gerald Laird,gerald laird,C,Tigers,1,1.0
2011,Mike MacDougal,mike macdougal,RP,Dodgers,1,1.0
2011,Ryan Madson,ryan madson,RP,Reds,1,8.5
2011,Paul Maholm,paul maholm,RP,Cubs,1,4.75
2011,Jason Marquis,jason marquis,SP,Twins,1,3.0
2011,John McDonald,john mcdonald,3B,Diamondbacks,2,3.0
2011,Nate McLouth,nate mclouth,LF,Pirates,1,1.75
2011,Jose Mijares,jose mijares,RP,Royals,1,0.93
2011,Jos Molina,jos molina,RP,Rays,1,1.5
2011,Guillermo Mota,guillermo mota,RP,Giants,1,1.0
2011,Joe Nathan,joe nathan,RP,Rangers,2,14.5
2011,Laynce Nix,laynce nix,RF,Phillies,2,2.5
2011,Darren Oliver,darren oliver,RP,Blue Jays,1,4.0
2011,Micah Owings,micah owings,RP,Padres,1,1.0
2011,Jonathan Papelbon,jonathan papelbon,RP,Phillies,4,50.0
2011,Carlos Pena,carlos pena,1B,Rays,1,7.25
2011,Wily Mo Pena,wily mo pena,LF,Japan,2,4.05
2011,Albert Pujols,albert pujols,DH,Angels,10,250.0
2011,Nick Punto,nick punto,2B,Red Sox,3,3.0
2011,Chad Qualls,chad qualls,RP,Phillies,1,1.15
2011,Aramis Ramirez,aramis ramirez,3B,Brewers,3,36.0
2011,Jon Rauch,jon rauch,RP,Mets,1,3.5
2011,Jose Reyes,jose reyes,SS,Marlins,6,106.0
2011,Juan Rivera,juan rivera,LF,Dodgers,1,4.5
2011,Fernando Rodney,fernando rodney,RP,Rays,1,2.0
2011,Jimmy Rollins,jimmy rollins,SS,Phillies,3,38.0
2011,J.C. Romero,j.c. romero,RP,Cardinals,1,0.75
2011,Takashi Saito,takashi saito,RP,Diamondbacks,1,1.75
2011,Ramon Santiago,ramon santiago,SS,Tigers,2,4.2
2011,Joe Saunders,joe saunders,SP,Diamondbacks,1,6.0
2011,Brian Schneider,brian schneider,C,Phillies,1,0.8
2011,Luke Scott,luke scott,DH,Rays,1,6.0
2011,George Sherrill,george sherrill,RP,Mariners,1,1.1
2011,Kelly Shoppach,kelly shoppach,C,Red Sox,1,1.35
2011,Grady Sizemore,grady sizemore,OF,Guardians,1,5.0
2011,Chris Snyder,chris snyder,C,Astros,1,0.75
2011,Ryan Theriot,ryan theriot,2B,Giants,1,1.25
2011,Jim Thome,jim thome,DH,Phillies,1,1.25
2011,Matt Treanor,matt treanor,C,Dodgers,1,0.85
2011,Tsuyoshi Wada,tsuyoshi wada,SP,Orioles,2,8.15
2011,Chien-Ming Wang,chien-ming wang,RP,Nationals,1,4.0
2011,Eli Whiteside,eli whiteside,C,Giants,1,0.6
2011,Josh Willingham,josh willingham,LF,Twins,3,21.0
2011,Dontrelle Willis,dontrelle willis,SP,Phillies,1,0.85
2011,C.J. Wilson,c.j. wilson,SP,Angels,5,77.5
2011,Jack Wilson,jack wilson,SS,Braves,1,1.0
2011,Kerry Wood,kerry wood,RP,Cubs,1,3.0
2011,Joel Zumaya,joel zumaya,RP,Twins,1,0.85
2012,Mike Adams,mike adams,RP,Phillies,2,12.0
2012,Jeremy Affeldt,jeremy affeldt,RP,Giants,3,18.0
2012,Scott Baker,scott baker,SP,Cubs,1,5.5
2012,Lance Berkman,lance berkman,DH,Rangers,1,11.0
2012,Joe Blanton,joe blanton,RP,Angels,2,15.0
2012,Michael Bourn,michael bourn,CF,Guardians,4,48.0
2012,Jonathan Broxton,jonathan broxton,RP,Reds,3,21.0
2012,Sean Burnett,sean burnett,RP,Angels,2,8.0
2012,Melky Cabrera,melky cabrera,RF,Blue Jays,2,16.0
2012,Eric Chavez,eric chavez,3B,Diamondbacks,1,3.0
2012,Randy Choate,randy choate,RP,Cardinals,3,7.5
2012,Bartolo Colon,bartolo colon,SP,Athletics,1,3.0
2012,Kevin Correia,kevin correia,SP,Twins,2,10.0
2012,Ryan Dempster,ryan dempster,SP,Red Sox,2,26.5
2012,Stephen Drew,stephen drew,SS,Red Sox,1,9.5
2012,Scott Feldman,scott feldman,SP,Cubs,1,6.0
2012,Jeff Francis,jeff francis,RP,Rockies,1,1.5
2012,Jason Frasor,jason frasor,RP,Rangers,1,1.5
2012,Kyuji Fujikawa,kyuji fujikawa,RP,Cubs,2,9.0
2012,Jonny Gomes,jonny gomes,LF,Red Sox,2,10.0
2012,Mike Gonzalez,mike gonzalez,RP,Brewers,1,2.23
2012,Tom Gorzelanny,tom gorzelanny,RP,Brewers,2,5.7
2012,Zack Greinke,zack greinke,SP,Dodgers,6,147.0
2012,Jason Grilli,jason grilli,RP,Pirates,2,6.75
2012,Jeremy Guthrie,jeremy guthrie,SP,Royals,3,25.0
2012,Josh Hamilton,josh hamilton,LF,Angels,5,123.0
2012,Jack Hannahan,jack hannahan,3B,Reds,2,4.0
2012,Dan Haren,dan haren,SP,Nationals,1,13.0
2012,Roberto Hernandez,roberto hernandez,SP,Rays,1,3.25
2012,Eric Hinske,eric hinske,OF,Diamondbacks,1,1.35
2012,J.P. Howell,j.p. howell,RP,Dodgers,1,2.85
2012,Torii Hunter,torii hunter,RF,Tigers,2,26.0
2012,Raul Ibanez,raul ibanez,RF,Mariners,1,2.75
2012,Hisashi Iwakuma,hisashi iwakuma,SP,Mariners,2,14.0
2012,Maicer Izturis,maicer izturis,2B,Blue Jays,3,10.0
2012,Edwin Jackson,edwin jackson,SP,Cubs,4,52.0
2012,Reed Johnson,reed johnson,LF,Braves,1,1.75
2012,Jair Jurrjens,jair jurrjens,SP,Orioles,1,1.5
2012,Jeff Karstens,jeff karstens,SP,Pirates,1,2.5
2012,Jeff Keppinger,jeff keppinger,2B,White Sox,3,12.0
2012,Hiroki Kuroda,hiroki kuroda,SP,Yankees,1,15.0
2012,John Lannan,john lannan,SP,Phillies,1,2.5
2012,Adam LaRoche,adam laroche,DH,Nationals,2,24.0
2012,Francisco Liriano,francisco liriano,RP,Pirates,1,1.0
2012,James Loney,james loney,1B,Rays,1,2.0
2012,Ryan Ludwick,ryan ludwick,LF,Reds,2,15.0
2012,Ryan Madson,ryan madson,RP,Angels,1,3.5
2012,Jason Marquis,jason marquis,SP,Padres,1,3.0
2012,Russell Martin,russell martin,C,Pirates,2,17.0
2012,Brandon McCarthy,brandon mccarthy,SP,Diamondbacks,2,15.5
2012,Nate McLouth,nate mclouth,LF,Orioles,1,2.0
2012,Nyjer Morgan,nyjer morgan,CF,Japan,1,1.6
2012,Brett Myers,brett myers,SP,Guardians,1,7.0
2012,Hiroyuki Nakajima,hiroyuki nakajima,SS,Athletics,2,6.5
2012,Mike Napoli,mike napoli,1B,Red Sox,1,5.0
2012,Dioner Navarro,dioner navarro,C,Cubs,1,1.18
2012,Angel Pagan,angel pagan,LF,Giants,4,40.0
2012,Mike Pelfrey,mike pelfrey,SP,Twins,1,4.0
2012,Carlos Pena,carlos pena,1B,Astros,1,2.9
2012,Joel Peralta,joel peralta,RP,Rays,2,6.0
2012,Oliver Perez,oliver perez,RP,Mariners,1,1.5
2012,Andy Pettitte,andy pettitte,SP,Yankees,1,12.0
2012,Juan Pierre,juan pierre,LF,Marlins,1,1.6
2012,A.J. Pierzynski,a.j. pierzynski,C,Rangers,1,7.5
2012,Placido Polanco,placido polanco,3B,Marlins,1,2.75
2012,Mark Reynolds,mark reynolds,1B,Guardians,1,6.0
2012,Mariano Rivera,mariano rivera,RP,Yankees,1,10.0
2012,Cody Ross,cody ross,RF,Diamondbacks,3,26.0
2012,David Ross,david ross,C,Red Sox,2,6.2
2012,Hyun Jin Ryu,hyun jin ryu,SP,Dodgers,6,36.0
2012,Anibal Sanchez,anibal sanchez,SP,Tigers,5,80.0
2012,Nate Schierholtz,nate schierholtz,RF,Cubs,1,2.23
2012,Marco Scutaro,marco scutaro,2B,Giants,3,20.0
2012,Kelly Shoppach,kelly shoppach,C,Mariners,1,1.5
2012,Joakim Soria,joakim soria,RP,Rangers,2,8.0
2012,Rafael Soriano,rafael soriano,RP,Nationals,2,28.0
2012,Geovany Soto,geovany soto,C,Rangers,1,2.75
2012,Ian Stewart,ian stewart,3B,Cubs,1,2.0
2012,Ichiro Suzuki,ichiro suzuki,RF,Yankees,2,13.0
2012,Nick Swisher,nick swisher,LF,Guardians,4,56.0
2012,Andres Torres,andres torres,LF,Giants,1,2.0
2012,Koji Uehara,koji uehara,RP,Red Sox,1,4.25
2012,B.J. Upton,b.j. upton,CF,Braves,5,75.25
2012,Jose Veras,jose veras,RP,Astros,1,1.85
2012,Shane Victorino,shane victorino,RF,Red Sox,3,39.0
2012,Ty Wigginton,ty wigginton,3B,Cardinals,2,5.0
2012,Dewayne Wise,dewayne wise,CF,White Sox,1,0.7
2012,Kevin Youkilis,kevin youkilis,3B,Yankees,1,12.0
2012,Delmon Young,delmon young,RF,Phillies,1,0.75
2013,Matt Albers,matt albers,RP,Astros,1,2.45
2013,J.P. Arencibia,j.p. arencibia,C,Rangers,1,1.8
2013,Bronson Arroyo,bronson arroyo,SP,Diamondbacks,2,23.5
2013,John Axford,john axford,RP,Guardians,1,4.5
2013,Grant Balfour,grant balfour,RP,Rays,2,12.0
2013,Ronald Belisario,ronald belisario,RP,White Sox,1,3.0
2013,Carlos Beltran,carlos beltran,OF,Yankees,3,45.0
2013,Joaquin Benoit,joaquin benoit,RP,Padres,2,15.5
2013,Willie Bloomquist,willie bloomquist,SS,Mariners,2,5.8
2013,Mitchell Boggs,mitchell boggs,RP,White Sox,1,1.1
2013,John Buck,john buck,C,Mariners,1,1.0
2013,A.J. Burnett,a.j. burnett,SP,Phillies,1,16.0
2013,Marlon Byrd,marlon byrd,RF,Phillies,2,16.0
2013,Robinson Cano,robinson cano,2B,Mariners,10,240.0
2013,Chris Capuano,chris capuano,RP,Red Sox,1,2.25
2013,Joba Chamberlain,joba chamberlain,RP,Tigers,1,2.5
2013,Eric Chavez,eric chavez,3B,Diamondbacks,1,3.5
2013,Bruce Chen,bruce chen,SP,Royals,1,4.25
2013,Shin-Soo Choo,shin-soo choo,LF,Rangers,7,130.0
2013,Bartolo Colon,bartolo colon,SP,Mets,2,20.0
2013,Jesse Crain,jesse crain,RP,Astros,1,3.25
2013,Nelson Cruz,nelson cruz,DH,Orioles,1,8.0
2013,Rajai Davis,rajai davis,CF,Tigers,2,10.0
2013,Scott Downs,scott downs,RP,White Sox,1,3.75
2013,Mark Ellis,mark ellis,2B,Cardinals,1,5.25
2013,Jacoby Ellsbury,jacoby ellsbury,CF,Yankees,7,153.0
2013,Scott Feldman,scott feldman,SP,Astros,3,30.0
2013,Gavin Floyd,gavin floyd,RP,Braves,1,4.0
2013,Jason Frasor,jason frasor,RP,Rangers,1,1.75
2013,Rafael Furcal,rafael furcal,2B,Marlins,1,3.5
2013,Matt Garza,matt garza,SP,Brewers,4,50.0
2013,Curtis Granderson,curtis granderson,LF,Mets,4,60.0
2013,Franklin Gutierrez,franklin gutierrez,LF,Mariners,1,1.0
2013,Jason Hammel,jason hammel,SP,Cubs,1,6.0
2013,Dan Haren,dan haren,SP,Dodgers,1,10.0
2013,Corey Hart,corey hart,1B,Mariners,1,6.0
2013,LaTroy Hawkins,latroy hawkins,RP,Rockies,1,2.5
2013,Roberto Hernandez,roberto hernandez,SP,Phillies,1,4.5
2013,J.P. Howell,j.p. howell,RP,Dodgers,2,11.25
2013,Tim Hudson,tim hudson,SP,Giants,2,23.0
2013,Phil Hughes,phil hughes,RP,Twins,3,24.0
2013,Raul Ibanez,raul ibanez,RF,Angels,1,2.75
2013,Omar Infante,omar infante,2B,Royals,4,30.0
2013,Ubaldo Jimenez,ubaldo jimenez,SP,Orioles,4,48.0
2013,Josh Johnson,josh johnson,SP,Padres,1,8.0
2013,Kelly Johnson,kelly johnson,2B,Yankees,1,3.0
2013,Garrett Jones,garrett jones,RF,Marlins,2,7.75
2013,Scott Kazmir,scott kazmir,SP,Athletics,2,22.0
2013,Paul Konerko,paul konerko,DH,White Sox,1,2.5
2013,Hiroki Kuroda,hiroki kuroda,SP,Yankees,1,16.0
2013,Boone Logan,boone logan,RP,Rockies,3,16.5
2013,James Loney,james loney,1B,Rays,3,21.0
2013,Javier Lopez,javier lopez,RP,Giants,3,13.0
2013,Paul Maholm,paul maholm,RP,Dodgers,1,1.5
2013,Carlos Marmol,carlos marmol,RP,Marlins,1,1.25
2013,Brian McCann,brian mccann,C,Yankees,5,85.0
2013,Casey McGehee,casey mcgehee,3B,Marlins,1,1.1
2013,Nate McLouth,nate mclouth,LF,Nationals,2,10.75
2013,Luis Mendoza,luis mendoza,SP,Japan,2,2.0
2013,Jos Molina,jos molina,RP,Rays,2,4.5
2013,Justin Morneau,justin morneau,DH,Rockies,2,12.5
2013,Michael Morse,michael morse,1B,Giants,1,6.0
2013,Edward Mujica,edward mujica,RP,Red Sox,2,9.5
2013,David Murphy,david murphy,RF,Guardians,2,12.0
2013,Mike Napoli,mike napoli,1B,Red Sox,2,32.0
2013,Joe Nathan,joe nathan,RP,Tigers,2,20.0
2013,Dioner Navarro,dioner navarro,C,Blue Jays,2,8.0
2013,Wil Nieves,wil nieves,C,Phillies,1,1.12
2013,Ricky Nolasco,ricky nolasco,RP,Twins,4,49.0
2013,Eric O'Flaherty,eric o'flaherty,RP,Athletics,2,7.0
2013,Juan Carlos Oviedo,juan carlos oviedo,RP,Rays,1,1.5
2013,Manny Parra,manny parra,RP,Reds,2,5.5
2013,Mike Pelfrey,mike pelfrey,SP,Twins,2,11.0
2013,Brayan Pena,brayan pena,C,Reds,2,2.27
2013,Jhonny Peralta,jhonny peralta,3B,Cardinals,4,53.0
2013,A.J. Pierzynski,a.j. pierzynski,C,Red Sox,1,8.25
2013,Nick Punto,nick punto,2B,Athletics,1,3.0
2013,Chad Qualls,chad qualls,RP,Astros,2,6.0
2013,Brian Roberts,brian roberts,2B,Yankees,1,2.0
2013,Fernando Rodney,fernando rodney,RP,Mariners,2,14.0
2013,Francisco Rodriguez,francisco rodriguez,RP,Brewers,1,3.25
2013,Adam Rosales,adam rosales,SS,Rangers,1,0.75
2013,Carlos Ruiz,carlos ruiz,C,Phillies,3,26.0
2013,Brendan Ryan,brendan ryan,SS,Yankees,2,5.0
2013,Jarrod Saltalamacchia,jarrod saltalamacchia,C,Marlins,3,21.0
2013,Skip Schumaker,skip schumaker,OF,Reds,2,5.0
2013,Joe Smith,joe smith,RP,Angels,3,15.75
2013,Geovany Soto,geovany soto,C,Rangers,1,3.05
2013,Kurt Suzuki,kurt suzuki,C,Twins,1,2.75
2013,Masahiro Tanaka,masahiro tanaka,SP,Yankees,7,155.0
2013,Matt Thornton,matt thornton,RP,Yankees,2,7.0
2013,Juan Uribe,juan uribe,3B,Dodgers,2,15.0
2013,Jason Vargas,jason vargas,SP,Royals,4,32.0
2013,Jose Veras,jose veras,RP,Cubs,1,4.0
2013,Ryan Vogelsong,ryan vogelsong,SP,Giants,1,5.0
2013,Edinson Volquez,edinson volquez,SP,Pirates,1,5.0
2013,Ryan Webb,ryan webb,RP,Orioles,2,4.5
2013,Jerome Williams,jerome williams,RP,Astros,1,2.1
2013,Brian Wilson,brian wilson,RP,Dodgers,1,10.0
2013,Jamey Wright,jamey wright,RP,Dodgers,1,1.8
2013,Wesley Wright,wesley wright,RP,Cubs,1,1.43
2013,Kevin Youkilis,kevin youkilis,3B,Japan,1,4.0
2013,Chris Young,chris young,CF,Mets,1,7.25
2014,Brett Anderson,brett anderson,SP,Dodgers,1,10.0
2014,Norichika Aoki,norichika aoki,RF,Giants,1,4.7
2014,Burke Badenhop,burke badenhop,RP,Reds,1,1.0
2014,Clint Barmes,clint barmes,SS,Padres,1,1.5
2014,Matt Belisle,matt belisle,RP,Cardinals,1,3.5
2014,Emilio Bonifacio,emilio bonifacio,2B,White Sox,1,4.0
2014,Craig Breslow,craig breslow,RP,Red Sox,1,2.0
2014,A.J. Burnett,a.j. burnett,SP,Pirates,1,8.5
2014,Billy Butler,billy butler,DH,Athletics,3,30.0
2014,Asdrubal Cabrera,asdrubal cabrera,3B,Rays,1,7.5
2014,Melky Cabrera,melky cabrera,RF,White Sox,3,42.0
2014,Alberto Callaspo,alberto callaspo,2B,Braves,1,3.0
2014,Chris Capuano,chris capuano,RP,Yankees,1,5.0
2014,Joba Chamberlain,joba chamberlain,RP,Tigers,1,1.0
2014,Phil Coke,phil coke,RP,Cubs,1,2.25
2014,Neal Cotts,neal cotts,RP,Brewers,1,3.0
2014,Nelson Cruz,nelson cruz,DH,Mariners,4,57.0
2014,Michael Cuddyer,michael cuddyer,LF,Mets,2,21.0
2014,Chris Denorfia,chris denorfia,LF,Cubs,1,2.6
2014,Daniel Descalso,daniel descalso,3B,Rockies,2,3.6
2014,Stephen Drew,stephen drew,SS,Yankees,1,5.0
2014,Zach Duke,zach duke,RP,White Sox,3,15.0
2014,Gavin Floyd,gavin floyd,RP,Guardians,1,4.0
2014,Kevin Frandsen,kevin frandsen,2B,Nationals,1,1.0
2014,Jason Frasor,jason frasor,RP,Royals,1,1.8
2014,Kyuji Fujikawa,kyuji fujikawa,RP,Rangers,1,1.1
2014,Jonny Gomes,jonny gomes,LF,Braves,1,4.0
2014,Tom Gorzelanny,tom gorzelanny,RP,Tigers,1,1.0
2014,Luke Gregerson,luke gregerson,RP,Astros,3,18.5
2014,Jason Grilli,jason grilli,RP,Braves,2,8.0
2014,Jason Hammel,jason hammel,SP,Cubs,2,18.0
2014,Aaron Harang,aaron harang,SP,Phillies,1,5.0
2014,Corey Hart,corey hart,1B,Pirates,1,2.5
2014,Chase Headley,chase headley,3B,Yankees,4,52.0
2014,Luke Hochevar,luke hochevar,RP,Royals,2,10.0
2014,Nick Hundley,nick hundley,C,Rockies,2,6.25
2014,Torii Hunter,torii hunter,RF,Twins,1,10.5
2014,Casey Janssen,casey janssen,RP,Nationals,1,5.0
2014,Jim Johnson,jim johnson,RP,Braves,1,1.6
2014,Josh Johnson,josh johnson,SP,Padres,1,1.0
2014,Kyle Kendrick,kyle kendrick,SP,Rockies,1,5.5
2014,Adam LaRoche,adam laroche,DH,White Sox,2,25.0
2014,Jon Lester,jon lester,SP,Cubs,6,155.0
2014,Colby Lewis,colby lewis,SP,Rangers,1,4.0
2014,Francisco Liriano,francisco liriano,RP,Pirates,3,39.0
2014,Jed Lowrie,jed lowrie,DH,Astros,3,23.0
2014,Nick Markakis,nick markakis,LF,Braves,4,44.0
2014,Russell Martin,russell martin,C,Blue Jays,5,82.0
2014,Victor Martinez,victor martinez,DH,Tigers,4,68.0
2014,Justin Masterson,justin masterson,SP,Red Sox,1,9.5
2014,Brandon McCarthy,brandon mccarthy,SP,Dodgers,4,48.0
2014,Kris Medlen,kris medlen,SP,Royals,2,8.5
2014,Andrew Miller,andrew miller,RP,Yankees,4,36.0
2014,Kendrys Morales,kendrys morales,DH,Royals,2,17.0
2014,Brandon Morrow,brandon morrow,RP,Padres,1,2.5
2014,Michael Morse,michael morse,1B,Marlins,2,8.0
2014,Jason Motte,jason motte,RP,Cubs,1,4.5
2014,Pat Neshek,pat neshek,RP,Astros,2,12.5
2014,Alexi Ogando,alexi ogando,RP,Red Sox,1,1.5
2014,Jake Peavy,jake peavy,SP,Giants,2,24.0
2014,A.J. Pierzynski,a.j. pierzynski,C,Braves,1,2.0
2014,Hanley Ramirez,hanley ramirez,SS,Red Sox,4,88.0
2014,Colby Rasmus,colby rasmus,LF,Astros,1,8.0
2014,Mark Reynolds,mark reynolds,1B,Cardinals,1,2.0
2014,Alex Rios,alex rios,RF,Royals,1,11.0
2014,David Robertson,david robertson,RP,White Sox,4,46.0
2014,Francisco Rodriguez,francisco rodriguez,RP,Brewers,2,13.0
2014,Sergio Romo,sergio romo,RP,Giants,2,15.0
2014,David Ross,david ross,C,Cubs,2,5.0
2014,Pablo Sandoval,pablo sandoval,1B,Red Sox,5,95.0
2014,Ervin Santana,ervin santana,SP,Twins,4,55.0
2014,Max Scherzer,max scherzer,SP,Nationals,7,210.0
2014,James Shields,james shields,SP,Padres,4,75.0
2014,Justin Smoak,justin smoak,1B,Blue Jays,1,1.0
2014,Tim Stauffer,tim stauffer,RP,Twins,1,2.2
2014,Ichiro Suzuki,ichiro suzuki,RF,Marlins,1,2.0
2014,Yasmany Tomas,yasmany tomas,OF,Diamondbacks,6,68.5
2014,Ryan Vogelsong,ryan vogelsong,SP,Giants,1,4.0
2014,Edinson Volquez,edinson volquez,SP,Royals,2,20.0
2014,Rickie Weeks Jr.,rickie weeks jr.,2B,Mariners,1,2.0
2014,Chris Young,chris young,SP,Royals,1,0.68
2014,Chris Young,chris young,CF,Yankees,1,2.5
2014,Delmon Young,delmon young,RF,Orioles,1,2.25
2015,Matt Albers,matt albers,RP,White Sox,1,2.25
2015,Pedro Alvarez,pedro alvarez,1B,Orioles,1,5.75
2015,Brett Anderson,brett anderson,SP,Dodgers,1,15.8
2015,Norichika Aoki,norichika aoki,RF,Mariners,1,5.5
2015,Alex Avila,alex avila,C,White Sox,1,2.5
2015,Mike Aviles,mike aviles,SS,Tigers,1,2.0
2015,John Axford,john axford,RP,Athletics,2,10.0
2015,Darwin Barney,darwin barney,2B,Blue Jays,1,1.05
2015,Antonio Bastardo,antonio bastardo,RP,Mets,2,12.0
2015,Gordon Beckham,gordon beckham,SS,Braves,1,1.25
2015,Joe Blanton,joe blanton,RP,Dodgers,1,4.0
2015,Jerry Blevins,jerry blevins,RP,Mets,1,4.0
2015,Jonathan Broxton,jonathan broxton,RP,Cardinals,2,7.5
2015,Asdrubal Cabrera,asdrubal cabrera,3B,Mets,2,18.5
2015,Trevor Cahill,trevor cahill,SP,Cubs,1,4.25
2015,Yoenis Cespedes,yoenis cespedes,LF,Mets,3,75.0
2015,Wei-Yin Chen,wei-yin chen,RP,Marlins,5,80.0
2015,Steve Cishek,steve cishek,RP,Mariners,2,10.0
2015,Tyler Clippard,tyler clippard,RP,Diamondbacks,2,12.25
2015,Bartolo Colon,bartolo colon,SP,Mets,1,7.25
2015,Johnny Cueto,johnny cueto,SP,Giants,6,130.0
2015,Chris Davis,chris davis,1B,Orioles,7,161.0
2015,Rajai Davis,rajai davis,CF,Guardians,1,5.25
2015,Alejandro De Aza,alejandro de aza,CF,Mets,1,5.75
2015,Ian Desmond,ian desmond,CF,Rangers,1,8.0
2015,Stephen Drew,stephen drew,SS,Nationals,1,3.0
2015,Marco Estrada,marco estrada,SP,Blue Jays,2,26.0
2015,Doug Fister,doug fister,SP,Astros,1,7.0
2015,Gavin Floyd,gavin floyd,RP,Blue Jays,1,1.0
2015,Dexter Fowler,dexter fowler,RF,Cubs,1,13.0
2015,David Freese,david freese,1B,Pirates,1,3.0
2015,Yovani Gallardo,yovani gallardo,SP,Orioles,2,22.0
2015,Alex Gordon,alex gordon,LF,Royals,4,72.0
2015,Zack Greinke,zack greinke,SP,Diamondbacks,6,206.5
2015,J.A. Happ,j.a. happ,SP,Blue Jays,3,36.0
2015,Jason Heyward,jason heyward,LF,Cubs,8,184.0
2015,Rich Hill,rich hill,SP,Athletics,1,6.0
2015,Tommy Hunter,tommy hunter,RP,Guardians,1,2.0
2015,Chris Iannetta,chris iannetta,C,Mariners,1,4.25
2015,Hisashi Iwakuma,hisashi iwakuma,SP,Mariners,1,12.0
2015,Austin Jackson,austin jackson,CF,White Sox,1,5.0
2015,John Jaso,john jaso,1B,Pirates,2,8.0
2015,Kelly Johnson,kelly johnson,2B,Braves,1,2.0
2015,Scott Kazmir,scott kazmir,SP,Dodgers,3,48.0
2015,Shawn Kelley,shawn kelley,RP,Nationals,3,15.0
2015,Howie Kendrick,howie kendrick,DH,Dodgers,2,20.0
2015,Ian Kennedy,ian kennedy,RP,Royals,5,70.0
2015,John Lackey,john lackey,SP,Cubs,2,32.0
2015,Mat Latos,mat latos,SP,White Sox,1,3.0
2015,Mike Leake,mike leake,SP,Cardinals,5,80.0
2015,Colby Lewis,colby lewis,SP,Rangers,1,6.0
2015,Mark Lowe,mark lowe,RP,Tigers,2,11.0
2015,Ryan Madson,ryan madson,RP,Athletics,3,22.0
2015,Jeff Mathis,jeff mathis,C,Marlins,1,1.5
2015,Jason Motte,jason motte,RP,Rockies,2,10.0
2015,Daniel Murphy,daniel murphy,1B,Nationals,3,37.5
2015,Mike Napoli,mike napoli,1B,Guardians,1,7.0
2015,Dioner Navarro,dioner navarro,C,White Sox,1,4.0
2015,Bud Norris,bud norris,RP,Braves,1,2.5
2015,Darren O'Day,darren o'day,RP,Orioles,4,31.0
2015,ByungHo Park,byungho park,DH,Twins,4,12.0
2015,Gerardo Parra,gerardo parra,CF,Rockies,3,27.5
2015,Steve Pearce,steve pearce,1B,Rays,1,4.75
2015,Mike Pelfrey,mike pelfrey,SP,Tigers,2,16.0
2015,Brayan Pena,brayan pena,C,Cardinals,2,5.0
2015,Cliff Pennington,cliff pennington,SS,Angels,2,3.75
2015,Oliver Perez,oliver perez,RP,Nationals,2,7.0
2015,Yusmeiro Petit,yusmeiro petit,P,Nationals,1,3.0
2015,A.J. Pierzynski,a.j. pierzynski,C,Braves,1,3.0
2015,David Price,david price,RP,Red Sox,7,217.0
2015,Chad Qualls,chad qualls,RP,Rockies,2,6.0
2015,Alexei Ramirez,alexei ramirez,SS,Padres,1,4.0
2015,Colby Rasmus,colby rasmus,LF,Astros,1,15.8
2015,Mark Reynolds,mark reynolds,1B,Rockies,1,2.6
2015,Fernando Rodney,fernando rodney,RP,Padres,1,2.0
2015,Sean Rodriguez,sean rodriguez,3B,Pirates,1,2.5
2015,Jeff Samardzija,jeff samardzija,SP,Giants,5,90.0
2015,Yaisel Sierra,yaisel sierra,RP,Dodgers,6,30.0
2015,Tony Sipp,tony sipp,RP,Astros,3,18.0
2015,Joakim Soria,joakim soria,RP,Royals,3,25.0
2015,Geovany Soto,geovany soto,C,Angels,1,2.8
2015,Denard Span,denard span,LF,Giants,3,31.0
2015,Justin Upton,justin upton,DH,Tigers,6,132.75
2015,Juan Uribe,juan uribe,3B,Guardians,1,4.0
2015,Chase Utley,chase utley,2B,Dodgers,1,7.0
2015,Carlos Villanueva,carlos villanueva,P,Padres,1,1.5
2015,Ryan Vogelsong,ryan vogelsong,SP,Pirates,1,2.0
2015,Ryan Webb,ryan webb,RP,Rays,1,1.0
2015,Matt Wieters,matt wieters,C,Orioles,1,15.8
2015,Chris Young,chris young,SP,Royals,2,11.5
2015,Chris Young,chris young,CF,Red Sox,2,13.0
2015,Jordan Zimmermann,jordan zimmermann,SP,Tigers,5,110.0
2015,Ben Zobrist,ben zobrist,RF,Cubs,4,56.0
2016,Brett Anderson,brett anderson,SP,Cubs,1,3.5
2016,Alex Avila,alex avila,C,Tigers,1,2.0
2016,Andrew Bailey,andrew bailey,P,Angels,1,1.0
2016,Jose Bautista,jose bautista,RF,Blue Jays,1,18.0
2016,Matt Belisle,matt belisle,RP,Twins,1,2.05
2016,Carlos Beltran,carlos beltran,OF,Astros,1,16.0
2016,Joaquin Benoit,joaquin benoit,RP,Phillies,1,7.5
2016,Andres Blanco,andres blanco,3B,Phillies,1,3.0
2016,Joe Blanton,joe blanton,RP,Nationals,1,4.0
2016,Jerry Blevins,jerry blevins,RP,Mets,1,6.5
2016,Drew Butera,drew butera,C,Royals,2,3.8
2016,Trevor Cahill,trevor cahill,SP,Padres,1,1.75
2016,Chris Carter,chris carter,1B,Yankees,1,3.0
2016,Andrew Cashner,andrew cashner,SP,Rangers,1,10.0
2016,Santiago Casilla,santiago casilla,RP,Athletics,2,11.0
2016,Welington Castillo,welington castillo,C,Orioles,1,6.0
2016,Jason Castro,jason castro,C,Twins,3,24.5
2016,Brett Cecil,brett cecil,RP,Cardinals,4,30.5
2016,Yoenis Cespedes,yoenis cespedes,LF,Mets,4,110.0
2016,Jhoulys Chacin,jhoulys chacin,RP,Padres,1,1.75
2016,Aroldis Chapman,aroldis chapman,RP,Yankees,5,86.0
2016,Jesse Chavez,jesse chavez,RP,Angels,1,5.75
2016,Bartolo Colon,bartolo colon,SP,Braves,1,12.5
2016,Rajai Davis,rajai davis,CF,Athletics,1,6.0
2016,Daniel Descalso,daniel descalso,3B,Diamondbacks,1,1.5
2016,Ian Desmond,ian desmond,CF,Rockies,5,70.0
2016,R.A. Dickey,r.a. dickey,SP,Braves,1,8.0
2016,Stephen Drew,stephen drew,SS,Nationals,1,3.5
2016,Brian Duensing,brian duensing,RP,Cubs,1,2.0
2016,Mike Dunn,mike dunn,RP,Rockies,3,19.0
2016,A.J. Ellis,a.j. ellis,C,Marlins,1,2.5
2016,Edwin Encarnacion,edwin encarnacion,DH,Guardians,3,60.0
2016,Scott Feldman,scott feldman,SP,Reds,1,2.3
2016,Neftali Feliz,neftali feliz,P,Brewers,1,5.35
2016,Casey Fien,casey fien,RP,Mariners,1,1.1
2016,Dexter Fowler,dexter fowler,RF,Cardinals,5,82.5
2016,Carlos Gomez,carlos gomez,RF,Rangers,1,11.5
2016,Franklin Gutierrez,franklin gutierrez,LF,Dodgers,1,2.6
2016,Jason Hammel,jason hammel,SP,Royals,2,16.0
2016,Chris Heisey,chris heisey,CF,Nationals,1,1.4
2016,Jeremy Hellickson,jeremy hellickson,SP,Phillies,1,17.2
2016,Rich Hill,rich hill,SP,Dodgers,3,48.0
2016,Derek Holland,derek holland,P,White Sox,1,6.0
2016,Matt Holliday,matt holliday,OF,Yankees,1,13.0
2016,J.P. Howell,j.p. howell,RP,Blue Jays,1,3.0
2016,Daniel Hudson,daniel hudson,RP,Pirates,2,11.0
2016,Nick Hundley,nick hundley,C,Giants,1,2.0
2016,Chris Iannetta,chris iannetta,C,Diamondbacks,1,1.7
2016,Kenley Jansen,kenley jansen,RP,Dodgers,5,80.0
2016,Jon Jay,jon jay,RF,Cubs,1,8.0
2016,Matt Joyce,matt joyce,RF,Athletics,2,11.0
2016,Adam Lind,adam lind,LF,Nationals,1,1.5
2016,Jeff Locke,jeff locke,SP,Marlins,1,3.02
2016,Boone Logan,boone logan,RP,Guardians,1,5.5
2016,Jeff Mathis,jeff mathis,C,Diamondbacks,2,4.0
2016,Dustin McGowan,dustin mcgowan,RP,Marlins,1,1.75
2016,Mark Melancon,mark melancon,RP,Giants,4,62.0
2016,Thomas Milone,thomas milone,RF,Brewers,1,1.25
2016,Kendrys Morales,kendrys morales,DH,Blue Jays,3,33.0
2016,Mitch Moreland,mitch moreland,DH,Red Sox,1,5.5
2016,Logan Morrison,logan morrison,1B,Rays,1,2.5
2016,Charlie Morton,charlie morton,SP,Astros,2,14.0
2016,Brandon Moss,brandon moss,RF,Royals,2,12.0
2016,Mike Napoli,mike napoli,1B,Rangers,1,8.5
2016,Ivan Nova,ivan nova,SP,Pirates,3,26.0
2016,Logan Ondrusek,logan ondrusek,RP,Orioles,1,0.65
2016,Steve Pearce,steve pearce,1B,Blue Jays,2,12.5
2016,Trevor Plouffe,trevor plouffe,3B,Athletics,1,5.25
2016,Wilson Ramos,wilson ramos,C,Rays,2,12.5
2016,Colby Rasmus,colby rasmus,LF,Rays,1,5.0
2016,Josh Reddick,josh reddick,RF,Astros,4,52.0
2016,Ben Revere,ben revere,LF,Angels,1,4.0
2016,Clayton Richard,clayton richard,SP,Padres,1,1.75
2016,Fernando Rodney,fernando rodney,RP,Diamondbacks,1,2.75
2016,Sean Rodriguez,sean rodriguez,3B,Braves,2,11.0
2016,Sergio Romo,sergio romo,RP,Dodgers,1,3.0
2016,Adam Rosales,adam rosales,SS,Athletics,1,1.25
2016,Tyson Ross,tyson ross,SP,Rangers,1,6.0
2016,Marc Rzepczynski,marc rzepczynski,RP,Mariners,2,11.0
2016,Fernando Salas,fernando salas,RP,Mets,1,3.0
2016,Michael Saunders,michael saunders,RF,Phillies,1,9.0
2016,Joe Smith,joe smith,RP,Blue Jays,1,3.0
2016,Drew Storen,drew storen,SP,Reds,1,3.0
2016,Kurt Suzuki,kurt suzuki,C,Braves,1,1.5
2016,Junichi Tazawa,junichi tazawa,RP,Marlins,2,12.0
2016,Eric Thames,eric thames,1B,Brewers,3,16.0
2016,Shawn Tolleson,shawn tolleson,RP,Rays,1,1.15
2016,Mark Trumbo,mark trumbo,DH,Orioles,3,37.5
2016,Justin Turner,justin turner,1B,Dodgers,4,64.0
2016,Koji Uehara,koji uehara,RP,Cubs,1,6.0
2016,Chase Utley,chase utley,2B,Dodgers,1,2.0
2016,Luis Valbuena,luis valbuena,3B,Angels,2,15.0
2016,Edinson Volquez,edinson volquez,SP,Marlins,2,22.0
2016,Neil Walker,neil walker,1B,Mets,1,17.2
2016,Jered Weaver,jered weaver,SP,Padres,1,3.0
2016,Matt Wieters,matt wieters,C,Nationals,2,21.0
2016,Travis Wood,travis wood,SP,Royals,2,12.0
2016,Brad Ziegler,brad ziegler,RP,Marlins,2,16.0
2017,Matt Adams,matt adams,1B,Nationals,1,4.0
2017,Matt Albers,matt albers,RP,Brewers,2,5.0
2017,Yonder Alonso,yonder alonso,1B,Guardians,2,16.0
2017,Jake Arrieta,jake arrieta,SP,Phillies,3,75.0
2017,Alex Avila,alex avila,C,Diamondbacks,2,8.25
2017,Erick Aybar,erick aybar,SS,Twins,1,1.25
2017,Tony Barnette,tony barnette,RP,Rangers,1,1.5
2017,Joaquin Benoit,joaquin benoit,RP,Nationals,1,1.0
2017,Peter Bourjos,peter bourjos,CF,Cubs,1,1.45
2017,Jay Bruce,jay bruce,LF,Mets,3,39.0
2017,Trevor Cahill,trevor cahill,SP,Athletics,1,1.25
2017,Lorenzo Cain,lorenzo cain,CF,Brewers,5,80.0
2017,Andrew Cashner,andrew cashner,SP,Orioles,2,16.0
2017,Welington Castillo,welington castillo,C,White Sox,2,15.0
2017,Jhoulys Chacin,jhoulys chacin,RP,Brewers,2,15.5
2017,Tyler Chatwood,tyler chatwood,RP,Cubs,3,38.0
2017,Jesse Chavez,jesse chavez,RP,Rangers,1,1.5
2017,Steve Cishek,steve cishek,RP,Cubs,2,13.0
2017,Alex Cobb,alex cobb,SP,Orioles,4,57.0
2017,Zack Cozart,zack cozart,3B,Angels,3,38.0
2017,Yu Darvish,yu darvish,SP,Cubs,6,126.0
2017,Wade Davis,wade davis,RP,Rockies,3,52.0
2017,Lucas Duda,lucas duda,1B,Royals,1,3.5
2017,Brian Duensing,brian duensing,RP,Cubs,2,7.0
2017,Zach Duke,zach duke,RP,Twins,1,2.15
2017,Jarrod Dyson,jarrod dyson,CF,Diamondbacks,2,7.5
2017,Alcides Escobar,alcides escobar,SS,Royals,1,2.5
2017,Mike Fiers,mike fiers,SP,Tigers,1,6.0
2017,Doug Fister,doug fister,SP,Rangers,1,4.0
2017,Todd Frazier,todd frazier,3B,Mets,2,17.0
2017,Yovani Gallardo,yovani gallardo,SP,Brewers,1,2.0
2017,Jaime Garcia,jaime garcia,SP,Blue Jays,1,10.0
2017,Carlos Gomez,carlos gomez,RF,Rays,1,4.0
2017,Carlos Gonzalez,carlos gonzalez,RF,Rockies,1,8.0
2017,Miguel Gonzalez,miguel gonzalez,SP,White Sox,1,4.75
2017,Curtis Granderson,curtis granderson,LF,Blue Jays,1,5.0
2017,Luke Gregerson,luke gregerson,RP,Cardinals,2,11.0
2017,David Hernandez,david hernandez,RP,Reds,2,5.0
2017,Eric Hosmer,eric hosmer,1B,Padres,8,144.0
2017,Jared Hughes,jared hughes,RP,Reds,2,4.5
2017,Nick Hundley,nick hundley,C,Giants,1,2.5
2017,Tommy Hunter,tommy hunter,RP,Phillies,2,18.0
2017,Chris Iannetta,chris iannetta,C,Rockies,2,8.5
2017,Austin Jackson,austin jackson,CF,Giants,2,6.0
2017,Howie Kendrick,howie kendrick,DH,Nationals,2,7.0
2017,Brandon Kintzler,brandon kintzler,RP,Nationals,2,10.0
2017,Tom Koehler,tom koehler,RP,Dodgers,1,2.0
2017,Francisco Liriano,francisco liriano,RP,Tigers,1,4.0
2017,Boone Logan,boone logan,RP,Brewers,1,2.5
2017,Jonathan Lucroy,jonathan lucroy,C,Athletics,1,6.5
2017,Jordan Lyles,jordan lyles,RP,Padres,1,1.0
2017,Lance Lynn,lance lynn,SP,Twins,1,12.0
2017,Leonys Martin,leonys martin,CF,Tigers,1,1.75
2017,J.D. Martinez,j.d. martinez,DH,Red Sox,5,110.0
2017,Cameron Maybin,cameron maybin,LF,Marlins,1,3.25
2017,T.J. McFarland,t.j. mcfarland,RP,Diamondbacks,1,0.85
2017,Jake McGee,jake mcgee,RP,Rockies,3,27.0
2017,Mike Minor,mike minor,SP,Rangers,3,28.0
2017,Mitch Moreland,mitch moreland,DH,Red Sox,2,13.0
2017,Logan Morrison,logan morrison,1B,Twins,1,6.5
2017,Brandon Morrow,brandon morrow,RP,Cubs,2,21.0
2017,Mike Moustakas,mike moustakas,1B,Royals,1,6.5
2017,Pat Neshek,pat neshek,RP,Phillies,2,16.25
2017,Juan Nicasio,juan nicasio,RP,Mariners,2,17.0
2017,Bud Norris,bud norris,RP,Cardinals,1,3.0
2017,Eduardo Nunez,eduardo nunez,2B,Red Sox,1,4.0
2017,Seunghwan Oh,seunghwan oh,RP,Rangers,1,2.75
2017,Wily Peralta,wily peralta,RP,Royals,1,1.52
2017,Yusmeiro Petit,yusmeiro petit,P,Athletics,2,10.0
2017,Michael Pineda,michael pineda,SP,Twins,2,10.0
2017,Addison Reed,addison reed,RP,Twins,2,16.75
2017,Jose Reyes,jose reyes,SS,Mets,1,2.0
2017,Rene Rivera,rene rivera,C,Angels,1,2.8
2017,Fernando Rodney,fernando rodney,RP,Twins,1,4.5
2017,Sergio Romo,sergio romo,RP,Rays,1,2.5
2017,Hector Rondon,hector rondon,RP,Astros,2,8.5
2017,CC Sabathia,cc sabathia,SP,Yankees,1,10.0
2017,Anibal Sanchez,anibal sanchez,SP,Twins,1,2.5
2017,Carlos Santana,carlos santana,1B,Phillies,3,60.0
2017,Bryan Shaw,bryan shaw,RP,Rockies,3,27.0
2017,Joe Smith,joe smith,RP,Astros,2,15.0
2017,Drew Smyly,drew smyly,RP,Cubs,2,10.0
2017,Craig Stammen,craig stammen,RP,Padres,2,4.5
2017,Anthony Swarzak,anthony swarzak,RP,Mets,2,14.0
2017,Chris Tillman,chris tillman,SP,Orioles,1,3.0
2017,Chase Utley,chase utley,2B,Dodgers,2,2.0
2017,Jason Vargas,jason vargas,SP,Mets,2,16.0
2017,Neil Walker,neil walker,1B,Yankees,1,4.0
2017,Tony Watson,tony watson,RP,Giants,3,9.0
2017,Chris Young,chris young,CF,Angels,1,2.0
2018,Matt Adams,matt adams,1B,Nationals,1,3.0
2018,Cody Allen,cody allen,RP,Angels,1,8.5
2018,Brett Anderson,brett anderson,SP,Athletics,1,1.5
2018,Tony Barnette,tony barnette,RP,Cubs,1,0.75
2018,Tim Beckham,tim beckham,SS,Mariners,1,1.75
2018,Justin Bour,justin bour,1B,Angels,1,2.5
2018,Brad Boxberger,brad boxberger,RP,Royals,1,2.2
2018,Brad Brach,brad brach,RP,Cubs,1,3.0
2018,Michael Brantley,michael brantley,DH,Astros,2,32.0
2018,Zack Britton,zack britton,RP,Yankees,3,39.0
2018,Clay Buchholz,clay buchholz,SP,Blue Jays,1,3.0
2018,Asdrubal Cabrera,asdrubal cabrera,3B,Rangers,1,3.5
2018,Trevor Cahill,trevor cahill,SP,Angels,1,9.0
2018,Xavier Cedeno,xavier cedeno,RP,Cubs,1,0.9
2018,Jesse Chavez,jesse chavez,RP,Rangers,2,8.0
2018,Robinson Chirinos,robinson chirinos,C,Astros,1,5.75
2018,Lonnie Chisenhall,lonnie chisenhall,RF,Pirates,1,2.75
2018,Patrick Corbin,patrick corbin,SP,Nationals,6,140.0
2018,Nelson Cruz,nelson cruz,DH,Twins,1,14.3
2018,Daniel Descalso,daniel descalso,3B,Cubs,2,5.0
2018,Jake Diekman,jake diekman,RP,Royals,1,2.75
2018,Josh Donaldson,josh donaldson,3B,Braves,1,23.0
2018,Brian Dozier,brian dozier,2B,Nationals,1,9.0
2018,Zach Duke,zach duke,RP,Reds,1,2.0
2018,Nathan Eovaldi,nathan eovaldi,SP,Red Sox,4,67.5
2018,Eduardo Escobar,eduardo escobar,3B,Diamondbacks,3,21.0
2018,Marco Estrada,marco estrada,SP,Athletics,1,4.0
2018,Jeurys Familia,jeurys familia,RP,Mets,3,30.0
2018,Mike Fiers,mike fiers,SP,Athletics,2,14.1
2018,Wilmer Flores,wilmer flores,1B,Diamondbacks,1,4.25
2018,David Freese,david freese,1B,Dodgers,1,4.5
2018,Freddy Galvis,freddy galvis,SS,Blue Jays,1,5.0
2018,Avisail Garcia,avisail garcia,RF,Rays,1,3.5
2018,Brett Gardner,brett gardner,CF,Yankees,1,7.5
2018,Cory Gearrin,cory gearrin,RP,Mariners,1,1.4
2018,Marwin Gonzalez,marwin gonzalez,SS,Twins,2,21.0
2018,Terrance Gore,terrance gore,CF,Royals,1,0.65
2018,Yasmani Grandal,yasmani grandal,C,Brewers,1,18.25
2018,Robbie Grossman,robbie grossman,RF,Athletics,1,2.0
2018,Billy Hamilton,billy hamilton,RF,Royals,1,5.25
2018,J.A. Happ,j.a. happ,SP,Yankees,2,34.0
2018,Bryce Harper,bryce harper,1B,Phillies,13,330.0
2018,Matt Harvey,matt harvey,SP,Angels,1,11.0
2018,Jeremy Hellickson,jeremy hellickson,SP,Nationals,1,1.3
2018,Kelvin Herrera,kelvin herrera,RP,White Sox,2,18.0
2018,Chris Herrmann,chris herrmann,C,Athletics,1,1.0
2018,Derek Holland,derek holland,P,Giants,1,7.0
2018,Greg Holland,greg holland,P,Diamondbacks,1,3.25
2018,Jon Jay,jon jay,RF,White Sox,1,4.0
2018,Adam Jones,adam jones,RF,Diamondbacks,1,3.0
2018,Caleb Joseph,caleb joseph,C,Diamondbacks,1,1.1
2018,Jung Ho Kang,jung ho kang,3B,Pirates,1,3.0
2018,Nate Karns,nate karns,SP,Orioles,1,0.8
2018,Shawn Kelley,shawn kelley,RP,Rangers,1,2.75
2018,Joe Kelly,joe kelly,RP,Dodgers,3,25.0
2018,Yusei Kikuchi,yusei kikuchi,SP,Mariners,3,43.0
2018,Ian Kinsler,ian kinsler,2B,Padres,2,8.0
2018,DJ LeMahieu,dj lemahieu,2B,Yankees,2,24.0
2018,Aaron Loup,aaron loup,RP,Padres,1,1.4
2018,Jed Lowrie,jed lowrie,DH,Mets,2,20.0
2018,Jonathan Lucroy,jonathan lucroy,C,Angels,1,3.35
2018,Jordan Lyles,jordan lyles,RP,Pirates,1,2.05
2018,Lance Lynn,lance lynn,SP,Rangers,3,30.0
2018,Manny Machado,manny machado,3B,Padres,10,300.0
2018,Martin Maldonado,martin maldonado,C,Royals,1,2.5
2018,Nick Markakis,nick markakis,LF,Braves,1,6.0
2018,Jeff Mathis,jeff mathis,C,Rangers,2,6.25
2018,Brian McCann,brian mccann,C,Braves,1,2.0
2018,James McCann,james mccann,C,White Sox,1,2.5
2018,Andrew McCutchen,andrew mccutchen,DH,Phillies,3,50.0
2018,Jordy Mercer,jordy mercer,SS,Tigers,1,5.25
2018,Wade Miley,wade miley,SP,Astros,1,4.5
2018,Andrew Miller,andrew miller,RP,Cardinals,2,25.0
2018,Shelby Miller,shelby miller,RP,Rangers,1,2.0
2018,Matt Moore,matt moore,RP,Tigers,1,2.5
2018,Charlie Morton,charlie morton,SP,Rays,2,30.0
2018,Mike Moustakas,mike moustakas,1B,Brewers,1,10.0
2018,Daniel Murphy,daniel murphy,1B,Rockies,2,24.0
2018,Adam Ottavino,adam ottavino,RP,Yankees,3,27.0
2018,Chris Owings,chris owings,SS,Royals,1,3.0
2018,Blake Parker,blake parker,RP,Twins,1,1.8
2018,Steve Pearce,steve pearce,1B,Red Sox,1,6.5
2018,Martin Perez,martin perez,SP,Twins,1,3.5
2018,Oliver Perez,oliver perez,RP,Guardians,1,2.5
2018,David Phelps,david phelps,RP,Blue Jays,1,2.5
2018,AJ Pollock,aj pollock,OF,Dodgers,5,60.0
2018,Drew Pomeranz,drew pomeranz,RP,Giants,1,1.5
2018,Wilson Ramos,wilson ramos,C,Mets,2,19.0
2018,Garrett Richards,garrett richards,RP,Padres,2,15.5
2018,David Robertson,david robertson,RP,Phillies,2,23.0
2018,Sergio Romo,sergio romo,RP,Marlins,1,1.25
2018,Trevor Rosenthal,trevor rosenthal,RP,Nationals,1,7.0
2018,Tyson Ross,tyson ross,SP,Tigers,1,5.75
2018,Hyun Jin Ryu,hyun jin ryu,SP,Dodgers,1,17.9
2018,CC Sabathia,cc sabathia,SP,Yankees,1,8.0
2018,Anibal Sanchez,anibal sanchez,SP,Nationals,2,19.0
2018,Jonathan Schoop,jonathan schoop,2B,Twins,1,7.5
2018,Matt Shoemaker,matt shoemaker,SP,Blue Jays,1,3.5
2018,Tony Sipp,tony sipp,RP,Nationals,1,1.25
2018,Joakim Soria,joakim soria,RP,Athletics,2,15.0
2018,Hunter Strickland,hunter strickland,RP,Mariners,1,1.3
2018,Jesus Sucre,jesus sucre,C,Orioles,1,0.85
2018,Kurt Suzuki,kurt suzuki,C,Nationals,2,10.0
2018,Ronald Torreyes,ronald torreyes,2B,Twins,1,0.8
2018,Troy Tulowitzki,troy tulowitzki,SS,Yankees,1,0.56
2018,Pat Venditte,pat venditte,RP,Giants,1,0.58
2018,Neil Walker,neil walker,1B,Marlins,1,2.0
2018,Adam Warren,adam warren,RP,Padres,1,2.5
2018,Justin Wilson,justin wilson,RP,Mets,2,10.0
2019,Jose Abreu,jose abreu,1B,White Sox,3,50.0
2019,Brett Anderson,brett anderson,SP,Brewers,1,5.0
2019,Tyler Anderson,tyler anderson,SP,Giants,1,1.77
2019,Alex Avila,alex avila,C,Twins,1,4.25
2019,Homer Bailey,homer bailey,SP,Twins,1,7.0
2019,Dellin Betances,dellin betances,RP,Mets,1,10.5
2019,Brad Brach,brad brach,RP,Mets,2,2.1
2019,Madison Bumgarner,madison bumgarner,SP,Diamondbacks,5,85.0
2019,Asdrubal Cabrera,asdrubal cabrera,3B,Nationals,1,2.5
2019,Kole Calhoun,kole calhoun,RF,Diamondbacks,2,16.0
2019,Nick Castellanos,nick castellanos,RF,Reds,4,64.0
2019,Jason Castro,jason castro,C,Angels,1,6.85
2019,Starlin Castro,starlin castro,3B,Nationals,2,12.0
2019,Francisco Cervelli,francisco cervelli,C,Marlins,1,2.0
2019,Robinson Chirinos,robinson chirinos,C,Rangers,1,5.5
2019,Steve Cishek,steve cishek,RP,White Sox,1,6.0
2019,Alex Claudio,alex claudio,RP,Brewers,1,1.75
2019,Tyler Clippard,tyler clippard,RP,Twins,1,2.75
2019,Gerrit Cole,gerrit cole,SP,Yankees,9,324.0
2019,C.J. Cron,c.j. cron,1B,Tigers,1,6.1
2019,Travis d'Arnaud,travis d'arnaud,C,Braves,2,16.0
2019,Corey Dickerson,corey dickerson,OF,Marlins,2,17.5
2019,Jake Diekman,jake diekman,RP,Athletics,2,7.5
2019,Josh Donaldson,josh donaldson,3B,Twins,4,92.0
2019,Edwin Encarnacion,edwin encarnacion,DH,White Sox,1,12.0
2019,Wilmer Flores,wilmer flores,1B,Giants,2,6.25
2019,Tyler Flowers,tyler flowers,C,Braves,1,4.0
2019,Maikel Franco,maikel franco,3B,Royals,1,3.0
2019,Todd Frazier,todd frazier,3B,Rangers,1,5.0
2019,Avisail Garcia,avisail garcia,RF,Brewers,2,20.0
2019,Yimi Garcia,yimi garcia,RP,Marlins,1,0.58
2019,Brett Gardner,brett gardner,CF,Yankees,1,12.5
2019,Kevin Gausman,kevin gausman,SP,Giants,1,9.0
2019,Kyle Gibson,kyle gibson,SP,Rangers,3,30.0
2019,Gio Gonzalez,gio gonzalez,SP,White Sox,1,5.0
2019,Alex Gordon,alex gordon,LF,Royals,1,4.0
2019,Yasmani Grandal,yasmani grandal,C,White Sox,4,73.0
2019,Didi Gregorius,didi gregorius,SS,Phillies,1,14.0
2019,Junior Guerra,junior guerra,RP,Diamondbacks,1,2.55
2019,Jesse Hahn,jesse hahn,RP,Royals,1,0.6
2019,Cole Hamels,cole hamels,SP,Braves,1,18.0
2019,Will Harris,will harris,RP,Nationals,3,24.0
2019,Adeiny Hechavarria,adeiny hechavarria,2B,Braves,1,1.0
2019,Guillermo Heredia,guillermo heredia,LF,Pirates,1,1.0
2019,Cesar Hernandez,cesar hernandez,2B,Guardians,1,6.25
2019,Marco Hernandez,marco hernandez,3B,Red Sox,1,0.65
2019,Rich Hill,rich hill,SP,Twins,1,3.0
2019,Yoshihisa Hirano,yoshihisa hirano,RP,Mariners,1,1.6
2019,Brock Holt,brock holt,3B,Brewers,1,3.25
2019,Daniel Hudson,daniel hudson,RP,Nationals,2,11.0
2019,Tommy Hunter,tommy hunter,RP,Phillies,1,0.85
2019,Jose Iglesias,jose iglesias,2B,Orioles,1,3.0
2019,Jeremy Jeffress,jeremy jeffress,RP,Cubs,1,0.8
2019,Matt Joyce,matt joyce,RF,Marlins,2,17.5
2019,Howie Kendrick,howie kendrick,DH,Nationals,1,6.25
2019,Dallas Keuchel,dallas keuchel,SP,White Sox,3,55.5
2019,Brandon Kintzler,brandon kintzler,RP,Marlins,1,3.0
2019,Jason Kipnis,jason kipnis,2B,Cubs,1,1.0
2019,Josh Lindblom,josh lindblom,SP,Brewers,3,9.12
2019,Jordan Lyles,jordan lyles,RP,Rangers,2,16.0
2019,Luke Maile,luke maile,C,Pirates,1,0.9
2019,Martin Maldonado,martin maldonado,C,Astros,2,7.0
2019,Cameron Maybin,cameron maybin,LF,Tigers,1,1.5
2019,T.J. McFarland,t.j. mcfarland,RP,Athletics,1,1.8
2019,Wade Miley,wade miley,SP,Reds,2,15.0
2019,Brad Miller,brad miller,DH,Cardinals,1,2.0
2019,Mitch Moreland,mitch moreland,DH,Red Sox,1,3.0
2019,Mike Moustakas,mike moustakas,1B,Reds,4,64.0
2019,Ivan Nova,ivan nova,SP,Tigers,1,1.5
2019,Darren O'Day,darren o'day,RP,Braves,1,2.75
2019,Jake Odorizzi,jake odorizzi,SP,Twins,1,17.8
2019,Josh Osich,josh osich,RP,Red Sox,1,0.85
2019,Marcell Ozuna,marcell ozuna,DH,Braves,1,18.0
2019,Hunter Pence,hunter pence,RF,Giants,1,3.0
2019,Jose Peraza,jose peraza,2B,Red Sox,1,3.0
2019,Hernan Perez,hernan perez,SS,Cubs,1,1.0
2019,Martin Perez,martin perez,SP,Red Sox,1,6.0
2019,Kevin Pillar,kevin pillar,CF,Red Sox,1,4.0
2019,Michael Pineda,michael pineda,SP,Twins,2,20.0
2019,Kevin Plawecki,kevin plawecki,C,Red Sox,1,0.9
2019,Drew Pomeranz,drew pomeranz,RP,Padres,4,34.0
2019,Rick Porcello,rick porcello,SP,Mets,1,10.0
2019,Anthony Rendon,anthony rendon,3B,Angels,7,245.0
2019,JT Riddle,jt riddle,SS,Pirates,1,0.85
2019,Tanner Roark,tanner roark,SP,Blue Jays,2,24.0
2019,Austin Romine,austin romine,C,Tigers,1,4.15
2019,Sergio Romo,sergio romo,RP,Twins,1,5.0
2019,Hector Rondon,hector rondon,RP,Diamondbacks,1,3.0
2019,Hyun Jin Ryu,hyun jin ryu,SP,Blue Jays,4,80.0
2019,Domingo Santana,domingo santana,LF,Guardians,1,1.5
2019,Jonathan Schoop,jonathan schoop,2B,Tigers,1,6.1
2019,Travis Shaw,travis shaw,3B,Blue Jays,1,4.0
2019,Joe Smith,joe smith,RP,Astros,2,8.0
2019,Will Smith,will smith,RP,Braves,3,39.0
2019,Justin Smoak,justin smoak,1B,Brewers,1,5.0
2019,Drew Smyly,drew smyly,RP,Giants,1,4.0
2019,Eric Sogard,eric sogard,3B,Brewers,1,4.5
2019,Steven Souza Jr.,steven souza jr.,OF,Cubs,1,1.0
2019,Craig Stammen,craig stammen,RP,Padres,2,9.0
2019,Stephen Strasburg,stephen strasburg,SP,Nationals,7,245.0
2019,Pedro Strop,pedro strop,RP,Reds,1,1.82
2019,Julio Teheran,julio teheran,SP,Angels,1,9.0
2019,Eric Thames,eric thames,1B,Nationals,1,4.0
2019,Blake Treinen,blake treinen,RP,Dodgers,1,10.0
2019,Stephen Vogt,stephen vogt,DH,Diamondbacks,1,3.0
2019,Michael Wacha,michael wacha,SP,Mets,1,3.0
2019,Adam Wainwright,adam wainwright,SP,Cardinals,1,5.0
2019,Taijuan Walker,taijuan walker,SP,Mariners,1,2.0
2019,Zack Wheeler,zack wheeler,SP,Phillies,5,118.0
2019,Matt Wieters,matt wieters,C,Cardinals,1,2.0
2019,Alex Wood,alex wood,SP,Dodgers,1,4.0
2020,Abraham Almonte,abraham almonte,OF,Braves,1,0.99
2020,Matt Andriese,matt andriese,RP,Red Sox,1,2.1
2020,Trevor Bauer,trevor bauer,SP,Dodgers,3,102.0
2020,Archie Bradley,archie bradley,RP,Phillies,1,6.0
2020,Michael Brantley,michael brantley,DH,Astros,2,32.0
2020,John Brebbia,john brebbia,RP,Giants,1,0.8
2020,Tyler Chatwood,tyler chatwood,RP,Blue Jays,1,3.0
2020,Alex Claudio,alex claudio,RP,Angels,1,1.12
2020,Nelson Cruz,nelson cruz,DH,Twins,1,13.0
2020,David Dahl,david dahl,LF,Rangers,1,3.0
2020,Anthony DeSclafani,anthony desclafani,RP,Giants,1,6.0
2020,Adam Eaton,adam eaton,RF,White Sox,1,7.0
2020,Kevin Gausman,kevin gausman,SP,Giants,1,18.9
2020,Kendall Graveman,kendall graveman,RP,Mariners,1,1.25
2020,Didi Gregorius,didi gregorius,SS,Phillies,2,28.0
2020,Brad Hand,brad hand,RP,Nationals,1,10.5
2020,J.A. Happ,j.a. happ,SP,Twins,1,8.0
2020,Josh Harrison,josh harrison,3B,Nationals,1,1.0
2020,Scott Heineman,scott heineman,LF,Rangers,1,0.59
2020,Liam Hendriks,liam hendriks,RP,White Sox,3,54.0
2020,Jimmy Herget,jimmy herget,RP,Rangers,1,0.7
2020,Enrique Hernandez,enrique hernandez,1B,Red Sox,2,14.0
2020,Jonathan Holder,jonathan holder,RP,Cubs,1,0.75
2020,Greg Holland,greg holland,P,Royals,1,2.75
2020,Corey Kluber,corey kluber,SP,Yankees,1,11.0
2020,Tommy La Stella,tommy la stella,DH,Giants,3,18.75
2020,DJ LeMahieu,dj lemahieu,2B,Yankees,6,90.0
2020,Luke Maile,luke maile,C,Brewers,1,0.58
2020,Trevor May,trevor may,RP,Mets,2,15.5
2020,James McCann,james mccann,C,Mets,4,40.6
2020,Samuel McWilliams,samuel mcwilliams,SP,Mets,1,0.75
2020,Keynan Middleton,keynan middleton,RP,Mariners,1,0.8
2020,Mike Minor,mike minor,SP,Royals,2,18.0
2020,Yadier Molina,yadier molina,C,Cardinals,1,9.0
2020,Mitch Moreland,mitch moreland,DH,Athletics,1,2.25
2020,Charlie Morton,charlie morton,SP,Braves,1,15.0
2020,Brian O'Grady,brian o'grady,LF,Padres,1,0.65
2020,Marcell Ozuna,marcell ozuna,DH,Braves,4,64.0
2020,James Paxton,james paxton,SP,Mariners,1,8.5
2020,Joc Pederson,joc pederson,DH,Cubs,1,7.0
2020,Martin Perez,martin perez,SP,Red Sox,1,5.0
2020,Yusmeiro Petit,yusmeiro petit,P,Athletics,1,2.55
2020,Jose Quintana,jose quintana,SP,Angels,1,8.0
2020,Robbie Ray,robbie ray,SP,Blue Jays,1,8.0
2020,J.T. Realmuto,j.t. realmuto,C,Phillies,5,115.5
2020,Garrett Richards,garrett richards,RP,Red Sox,1,10.0
2020,Carlos Rodon,carlos rodon,SP,White Sox,1,3.0
2020,Eddie Rosario,eddie rosario,OF,Guardians,1,8.0
2020,Trevor Rosenthal,trevor rosenthal,RP,Athletics,1,11.0
2020,Carlos Santana,carlos santana,1B,Royals,2,17.0
2020,Kyle Schwarber,kyle schwarber,DH,Nationals,1,10.0
2020,Marcus Semien,marcus semien,2B,Blue Jays,1,18.0
2020,Andrelton Simmons,andrelton simmons,SS,Twins,1,10.5
2020,Drew Smyly,drew smyly,RP,Braves,1,11.0
2020,George Springer,george springer,DH,Blue Jays,6,150.0
2020,Marcus Stroman,marcus stroman,SP,Mets,1,18.9
2020,Michael Taylor,michael taylor,RF,Royals,1,1.75
2020,Josh Tomlin,josh tomlin,RP,Braves,1,1.0
2020,Blake Treinen,blake treinen,RP,Dodgers,2,17.5
2020,Justin Turner,justin turner,1B,Dodgers,2,34.0
2020,Michael Wacha,michael wacha,SP,Rays,1,3.0
2020,Matt Wisler,matt wisler,RP,Giants,1,1.15
2020,Kirby Yates,kirby yates,RP,Blue Jays,1,5.5
2020,Mike Zunino,mike zunino,C,Rays,1,3.0
2021,Javier Baez,javier baez,SS,Tigers,6,140.0
2021,Brandon Belt,brandon belt,DH,Giants,1,18.4
2021,Brad Boxberger,brad boxberger,RP,Brewers,1,2.5
2021,Archie Bradley,archie bradley,RP,Angels,1,3.75
2021,Kris Bryant,kris bryant,DH,Rockies,7,182.0
2021,Dylan Bundy,dylan bundy,SP,Twins,1,5.0
2021,Kole Calhoun,kole calhoun,RF,Rangers,1,5.2
2021,Mark Canha,mark canha,LF,Mets,2,26.5
2021,Nick Castellanos,nick castellanos,RF,Phillies,5,100.0
2021,Jhoulys Chacin,jhoulys chacin,RP,Rockies,1,1.25
2021,Andrew Chafin,andrew chafin,RP,Tigers,2,13.0
2021,Alex Cobb,alex cobb,SP,Giants,2,20.0
2021,Carlos Correa,carlos correa,SS,Twins,3,105.3
2021,Nelson Cruz,nelson cruz,DH,Nationals,1,15.0
2021,Anthony DeSclafani,anthony desclafani,RP,Giants,3,36.0
2021,Corey Dickerson,corey dickerson,OF,Cardinals,1,5.0
2021,Eduardo Escobar,eduardo escobar,3B,Mets,2,20.0
2021,Freddie Freeman,freddie freeman,1B,Dodgers,6,162.0
2021,Avisail Garcia,avisail garcia,RF,Marlins,4,53.0
2021,Kevin Gausman,kevin gausman,SP,Blue Jays,5,110.0
2021,Yan Gomes,yan gomes,C,Cubs,2,13.0
2021,Kendall Graveman,kendall graveman,RP,White Sox,3,24.0
2021,Jon Gray,jon gray,RP,Rangers,4,56.0
2021,Zack Greinke,zack greinke,SP,Royals,1,13.0
2021,Yuli Gurriel,yuli gurriel,1B,Astros,1,8.0
2021,Brad Hand,brad hand,RP,Phillies,1,6.0
2021,Andrew Heaney,andrew heaney,SP,Dodgers,1,8.5
2021,Rich Hill,rich hill,SP,Red Sox,1,5.0
2021,Kenley Jansen,kenley jansen,RP,Braves,1,16.0
2021,Joe Kelly,joe kelly,RP,White Sox,2,17.0
2021,Ian Kennedy,ian kennedy,RP,Diamondbacks,1,4.75
2021,Clayton Kershaw,clayton kershaw,SP,Dodgers,1,17.0
2021,Yusei Kikuchi,yusei kikuchi,SP,Blue Jays,3,36.0
2021,Corey Kluber,corey kluber,SP,Rays,1,8.0
2021,Corey Knebel,corey knebel,RP,Phillies,1,10.0
2021,Michael Lorenzen,michael lorenzen,SP,Angels,1,6.5
2021,Aaron Loup,aaron loup,RP,Angels,2,17.0
2021,Jordan Lyles,jordan lyles,RP,Orioles,1,7.0
2021,Starling Marte,starling marte,RF,Mets,4,78.0
2021,Nick Martinez,nick martinez,SP,Padres,4,20.0
2021,Steven Matz,steven matz,SP,Cardinals,4,44.0
2021,T.J. McFarland,t.j. mcfarland,RP,Cardinals,1,2.5
2021,Mark Melancon,mark melancon,RP,Diamondbacks,2,14.0
2021,Brad Miller,brad miller,DH,Rangers,2,10.0
2021,Hector Neris,hector neris,RP,Astros,2,17.0
2021,Adam Ottavino,adam ottavino,RP,Yankees,1,4.0
2021,James Paxton,james paxton,SP,Red Sox,1,10.0
2021,Joc Pederson,joc pederson,DH,Giants,1,6.0
2021,Martin Perez,martin perez,SP,Rangers,1,4.0
2021,Roberto Perez,roberto perez,C,Pirates,1,5.0
2021,Manny Pina,manny pina,C,Braves,2,8.0
2021,Nick Plummer,nick plummer,RF,Mets,1,0.57
2021,Jose Quintana,jose quintana,SP,Pirates,1,2.0
2021,Brooks Raley,brooks raley,RP,Rays,2,10.0
2021,Robbie Ray,robbie ray,SP,Mariners,5,115.0
2021,Garrett Richards,garrett richards,RP,Rangers,1,5.5
2021,Anthony Rizzo,anthony rizzo,1B,Yankees,2,32.0
2021,David Robertson,david robertson,RP,Cubs,1,3.5
2021,Carlos Rodon,carlos rodon,SP,Giants,2,44.0
2021,Eduardo Rodriguez,eduardo rodriguez,SP,Tigers,5,77.0
2021,Joely Rodriguez,joely rodriguez,RP,Yankees,1,2.0
2021,Sergio Romo,sergio romo,RP,Mariners,1,2.0
2021,Eddie Rosario,eddie rosario,OF,Braves,2,18.0
2021,Max Scherzer,max scherzer,SP,Mets,3,130.0
2021,Kyle Schwarber,kyle schwarber,DH,Phillies,4,79.0
2021,Corey Seager,corey seager,SS,Rangers,10,325.0
2021,Marcus Semien,marcus semien,2B,Rangers,7,175.0
2021,Pedro Severino,pedro severino,C,Brewers,1,1.9
2021,Bryan Shaw,bryan shaw,RP,Guardians,1,3.0
2021,Travis Shaw,travis shaw,3B,Red Sox,1,1.5
2021,Andrelton Simmons,andrelton simmons,SS,Cubs,1,4.0
2021,Joe Smith,joe smith,RP,Twins,1,2.5
2021,Drew Smyly,drew smyly,RP,Cubs,1,5.25
2021,Donovan Solano,donovan solano,1B,Reds,1,4.5
2021,Trevor Story,trevor story,SS,Red Sox,6,140.0
2021,Hunter Strickland,hunter strickland,RP,Reds,1,1.82
2021,Marcus Stroman,marcus stroman,SP,Cubs,3,71.0
2021,Kurt Suzuki,kurt suzuki,C,Angels,1,1.75
2021,Noah Syndergaard,noah syndergaard,SP,Angels,1,21.0
2021,Chris Taylor,chris taylor,CF,Dodgers,4,60.0
2021,Ryan Tepera,ryan tepera,RP,Angels,2,14.0
2021,Vince Velasquez,vince velasquez,SP,White Sox,1,3.0
2021,Justin Verlander,justin verlander,SP,Astros,1,25.0
2021,Jonathan Villar,jonathan villar,SS,Cubs,1,6.0
2021,Stephen Vogt,stephen vogt,DH,Athletics,1,0.85
2021,Michael Wacha,michael wacha,SP,Red Sox,1,7.0
2021,Alex Wood,alex wood,SP,Giants,2,25.0
2021,Kirby Yates,kirby yates,RP,Braves,2,8.25
